Model,Scenario,Region,Variable,Unit,Climate_Model,1765-01-01 00:00:00,1766-01-01 00:00:00,1767-01-01 00:00:00,1768-01-01 00:00:00,1769-01-01 00:00:00,1770-01-01 00:00:00,1771-01-01 00:00:00,1772-01-01 00:00:00,1773-01-01 00:00:00,1774-01-01 00:00:00,1775-01-01 00:00:00,1776-01-01 00:00:00,1777-01-01 00:00:00,1778-01-01 00:00:00,1779-01-01 00:00:00,1780-01-01 00:00:00,1781-01-01 00:00:00,1782-01-01 00:00:00,1783-01-01 00:00:00,1784-01-01 00:00:00,1785-01-01 00:00:00,1786-01-01 00:00:00,1787-01-01 00:00:00,1788-01-01 00:00:00,1789-01-01 00:00:00,1790-01-01 00:00:00,1791-01-01 00:00:00,1792-01-01 00:00:00,1793-01-01 00:00:00,1794-01-01 00:00:00,1795-01-01 00:00:00,1796-01-01 00:00:00,1797-01-01 00:00:00,1798-01-01 00:00:00,1799-01-01 00:00:00,1800-01-01 00:00:00,1801-01-01 00:00:00,1802-01-01 00:00:00,1803-01-01 00:00:00,1804-01-01 00:00:00,1805-01-01 00:00:00,1806-01-01 00:00:00,1807-01-01 00:00:00,1808-01-01 00:00:00,1809-01-01 00:00:00,1810-01-01 00:00:00,1811-01-01 00:00:00,1812-01-01 00:00:00,1813-01-01 00:00:00,1814-01-01 00:00:00,1815-01-01 00:00:00,1816-01-01 00:00:00,1817-01-01 00:00:00,1818-01-01 00:00:00,1819-01-01 00:00:00,1820-01-01 00:00:00,1821-01-01 00:00:00,1822-01-01 00:00:00,1823-01-01 00:00:00,1824-01-01 00:00:00,1825-01-01 00:00:00,1826-01-01 00:00:00,1827-01-01 00:00:00,1828-01-01 00:00:00,1829-01-01 00:00:00,1830-01-01 00:00:00,1831-01-01 00:00:00,1832-01-01 00:00:00,1833-01-01 00:00:00,1834-01-01 00:00:00,1835-01-01 00:00:00,1836-01-01 00:00:00,1837-01-01 00:00:00,1838-01-01 00:00:00,1839-01-01 00:00:00,1840-01-01 00:00:00,1841-01-01 00:00:00,1842-01-01 00:00:00,1843-01-01 00:00:00,1844-01-01 00:00:00,1845-01-01 00:00:00,1846-01-01 00:00:00,1847-01-01 00:00:00,1848-01-01 00:00:00,1849-01-01 00:00:00,1850-01-01 00:00:00,1851-01-01 00:00:00,1852-01-01 00:00:00,1853-01-01 00:00:00,1854-01-01 00:00:00,1855-01-01 00:00:00,1856-01-01 00:00:00,1857-01-01 00:00:00,1858-01-01 00:00:00,1859-01-01 00:00:00,1860-01-01 00:00:00,1861-01-01 00:00:00,1862-01-01 00:00:00,1863-01-01 00:00:00,1864-01-01 00:00:00,1865-01-01 00:00:00,1866-01-01 00:00:00,1867-01-01 00:00:00,1868-01-01 00:00:00,1869-01-01 00:00:00,1870-01-01 00:00:00,1871-01-01 00:00:00,1872-01-01 00:00:00,1873-01-01 00:00:00,1874-01-01 00:00:00,1875-01-01 00:00:00,1876-01-01 00:00:00,1877-01-01 00:00:00,1878-01-01 00:00:00,1879-01-01 00:00:00,1880-01-01 00:00:00,1881-01-01 00:00:00,1882-01-01 00:00:00,1883-01-01 00:00:00,1884-01-01 00:00:00,1885-01-01 00:00:00,1886-01-01 00:00:00,1887-01-01 00:00:00,1888-01-01 00:00:00,1889-01-01 00:00:00,1890-01-01 00:00:00,1891-01-01 00:00:00,1892-01-01 00:00:00,1893-01-01 00:00:00,1894-01-01 00:00:00,1895-01-01 00:00:00,1896-01-01 00:00:00,1897-01-01 00:00:00,1898-01-01 00:00:00,1899-01-01 00:00:00,1900-01-01 00:00:00,1901-01-01 00:00:00,1902-01-01 00:00:00,1903-01-01 00:00:00,1904-01-01 00:00:00,1905-01-01 00:00:00,1906-01-01 00:00:00,1907-01-01 00:00:00,1908-01-01 00:00:00,1909-01-01 00:00:00,1910-01-01 00:00:00,1911-01-01 00:00:00,1912-01-01 00:00:00,1913-01-01 00:00:00,1914-01-01 00:00:00,1915-01-01 00:00:00,1916-01-01 00:00:00,1917-01-01 00:00:00,1918-01-01 00:00:00,1919-01-01 00:00:00,1920-01-01 00:00:00,1921-01-01 00:00:00,1922-01-01 00:00:00,1923-01-01 00:00:00,1924-01-01 00:00:00,1925-01-01 00:00:00,1926-01-01 00:00:00,1927-01-01 00:00:00,1928-01-01 00:00:00,1929-01-01 00:00:00,1930-01-01 00:00:00,1931-01-01 00:00:00,1932-01-01 00:00:00,1933-01-01 00:00:00,1934-01-01 00:00:00,1935-01-01 00:00:00,1936-01-01 00:00:00,1937-01-01 00:00:00,1938-01-01 00:00:00,1939-01-01 00:00:00,1940-01-01 00:00:00,1941-01-01 00:00:00,1942-01-01 00:00:00,1943-01-01 00:00:00,1944-01-01 00:00:00,1945-01-01 00:00:00,1946-01-01 00:00:00,1947-01-01 00:00:00,1948-01-01 00:00:00,1949-01-01 00:00:00,1950-01-01 00:00:00,1951-01-01 00:00:00,1952-01-01 00:00:00,1953-01-01 00:00:00,1954-01-01 00:00:00,1955-01-01 00:00:00,1956-01-01 00:00:00,1957-01-01 00:00:00,1958-01-01 00:00:00,1959-01-01 00:00:00,1960-01-01 00:00:00,1961-01-01 00:00:00,1962-01-01 00:00:00,1963-01-01 00:00:00,1964-01-01 00:00:00,1965-01-01 00:00:00,1966-01-01 00:00:00,1967-01-01 00:00:00,1968-01-01 00:00:00,1969-01-01 00:00:00,1970-01-01 00:00:00,1971-01-01 00:00:00,1972-01-01 00:00:00,1973-01-01 00:00:00,1974-01-01 00:00:00,1975-01-01 00:00:00,1976-01-01 00:00:00,1977-01-01 00:00:00,1978-01-01 00:00:00,1979-01-01 00:00:00,1980-01-01 00:00:00,1981-01-01 00:00:00,1982-01-01 00:00:00,1983-01-01 00:00:00,1984-01-01 00:00:00,1985-01-01 00:00:00,1986-01-01 00:00:00,1987-01-01 00:00:00,1988-01-01 00:00:00,1989-01-01 00:00:00,1990-01-01 00:00:00,1991-01-01 00:00:00,1992-01-01 00:00:00,1993-01-01 00:00:00,1994-01-01 00:00:00,1995-01-01 00:00:00,1996-01-01 00:00:00,1997-01-01 00:00:00,1998-01-01 00:00:00,1999-01-01 00:00:00,2000-01-01 00:00:00,2001-01-01 00:00:00,2002-01-01 00:00:00,2003-01-01 00:00:00,2004-01-01 00:00:00,2005-01-01 00:00:00
unspecified,historical,World,Emissions|BC,Mt BC / yr,unspecified,0.0,0.106998,0.1333826,0.15984677,0.18639296,0.21302373,0.23974168,0.26654951,0.29345,0.32044601,0.34754051,0.37473653,0.40203721,0.4294458,0.45696563,0.48460014,0.51235288,0.5402275,0.56822778,0.59635759,0.62462095,0.65302198,0.68156496,0.71025425,0.73909439,0.76809005,0.79724604,0.8265673,0.85605896,0.88572629,0.91557471,0.94560984,0.97583743,1.0062635,1.036894,1.0677355,1.0987944,1.1300774,1.1615915,1.1933438,1.2253417,1.2575928,1.2901048000000002,1.322886,1.3559444999999999,1.3892891,1.4229284,1.4568716999999998,1.4911284,1.5257081000000001,1.5606208000000001,1.5958768,1.6314868,1.6674616000000002,1.7038127,1.7405515999999999,1.7776901999999999,1.8152409999999999,1.8532168000000002,1.8916306,1.930496,1.969827,2.0096380000000003,2.0499438000000003,2.0907597,2.1321015,2.1739855,2.2164284,2.2594475,2.3030607000000005,2.3472862,2.3921432,2.437651,2.4838298,2.5307004,2.5782841,2.6266031,2.67568,2.7255382999999997,2.7762021,2.8276963999999998,2.8800468999999995,2.9332801,2.9874231,3.0425042999999996,3.0985525000000003,3.1187417,3.1389308999999996,3.15912,3.1793092,3.1994982999999997,3.2196875,3.2398767000000004,3.2600658,3.2802550000000004,3.3004441,3.3244138,3.3483834999999997,3.3723532,3.3963229,3.4202926,3.4442623,3.4682318999999997,3.4922016000000005,3.5161712999999994,3.540141,3.562453,3.5847651,3.6070771,3.6293891000000005,3.6517012,3.6740132000000005,3.6963253,3.7186373,3.7409492999999996,3.7632614,3.7925706,3.8218797999999996,3.8511889999999998,3.8804982000000003,3.9098074,3.9391165999999997,3.9684258000000003,3.997735,4.0270443,4.0563535,4.0882845,4.1202154,4.1521464,4.1840774,4.216008400000001,4.2479394,4.2798704,4.3118014,4.3437324,4.3756633,4.4173849,4.4591064000000005,4.500828,4.542549500000001,4.5842711,4.6259926,4.6677142,4.7094357,4.7511573,4.7928788,4.794951599999999,4.797024400000001,4.7990972,4.80117,4.8032428,4.805315599999999,4.8073885,4.8094613,4.811534099999999,4.8136069,4.798714299999999,4.7838218,4.7689293,4.7540366999999994,4.7391442,4.7242517,4.7093590999999995,4.6944666,4.679574099999999,4.6646815,4.667096400000001,4.6695113,4.671926200000001,4.674341,4.6767559,4.6791708,4.6815857,4.6840005,4.6864154000000005,4.6888303,4.693243,4.6976558,4.7020686,4.706481299999999,4.7108941,4.715306900000001,4.7197195999999995,4.7241324,4.7285452,4.732957900000001,4.7733276,4.813697299999999,4.854067,4.8944367,4.9348064,4.9751761,5.0155458,5.0559155,5.0962852,5.136654900000001,5.179599700000001,5.2225445,5.2654893,5.3084340999999995,5.3513789,5.3943237,5.4372685,5.4802133,5.5231581,5.566102900000001,5.7038725,5.8416421,5.9794117,6.1171812999999995,6.254950900000001,6.3927205,6.5304901,6.668259700000001,6.8060293000000005,6.9437989,7.021004799999999,7.0982107,7.175416499999999,7.2526224,7.329828200000001,7.4070341,7.48424,7.5614457999999996,7.6386517000000005,7.715857499999999,7.7247518,7.733646,7.742540299999999,7.7514345,7.7603288,7.769222999999999,7.7781173,7.7870115,7.795905800000001,7.8048,7.8945,7.9842,8.0734,8.1623,8.2512
unspecified,historical,World,Emissions|C2F6,kt C2F6 / yr,unspecified,0.0,0.0,0.0,0.0,0.0,0.0,0.0,0.0,0.0,0.0,0.0,0.0,0.0,0.0,0.0,0.0,0.0,0.0,0.0,0.0,0.0,0.0,0.0,0.0,0.0,0.0,0.0,0.0,0.0,0.0,0.0,0.0,0.0,0.0,0.0,0.0,0.0,0.0,0.0,0.0,0.0,0.0,0.0,0.0,0.0,0.0,0.0,0.0,0.0,0.0,0.0,0.0,0.0,0.0,0.0,0.0,0.0,0.0,0.0,0.0,0.0,0.0,0.0,0.0,0.0,0.0,0.0,0.0,0.0,0.0,0.0,0.0,0.0,0.0,0.0,0.0,0.0,0.0,0.0,0.0,0.0,0.0,0.0,0.0,0.0,0.0,0.0,0.0,0.0,0.0,0.0,0.0,0.0,0.0,0.0,0.0,0.0,0.0,0.0,0.0,0.0,0.0,0.0,0.0,0.0,0.0,0.0,0.0,0.0,0.0,0.0,0.0,0.0,0.0,0.0,0.0,0.0,0.0,0.0,0.0,0.0,0.0,0.0,0.0,0.0,0.0,0.0,0.0,0.0,0.0,0.0,0.0,0.0,0.0,0.95911885,0.050575847,0.053237732,0.056039719,0.058989177000000004,0.062093873,0.065361969,0.068802075,0.072423235,0.07623498599999999,0.08024735200000001,0.084470898,0.08891673300000001,0.09359656300000001,0.09852269699999999,0.1037081,0.10916642,0.11491202,0.12096002,0.12732636,0.13402771,0.14108183,0.14850719,0.15632334,0.16455089,0.17321146,0.18232786,0.19192405,0.20202532,0.21265824,0.22385079,0.23563239,0.24803412,0.26108852,0.27483004,0.28929476,0.30452082,0.32054821,0.33741917,0.35517808,0.37387169,0.39354912,0.41426223,0.39468287,0.37832187,0.3640764,0.35194679,0.34193311,0.33403572,0.32825472,0.32459037,0.32304286,0.32361242,0.32629927,0.3311036,0.33802563,0.34706557,0.35822365,0.37150001,0.38689499,0.40440867,0.42404135,0.4457932,0.46966444,0.49565531,0.52376596,0.55399667,0.58634761,0.62081899,0.65741104,0.69612398,0.73695798,0.7799133,0.82499011,0.87218868,0.9215092,0.97295172,1.0265167,1.0822044,1.1400146,1.1999481,1.2620042999999999,1.3261846000000002,1.392488,1.4609153,1.5314669,1.6041426,1.678943,1.7558675,1.8349176,1.9160924,2.0735678,2.3729101000000004,2.3731468999999996,2.3733837,2.3736205000000004,2.3738572999999996,2.3740941,2.3743309,2.3745677000000005,2.3748044999999998,2.3749,2.4345,2.4915,2.5463,2.599,2.6494
unspecified,historical,World,Emissions|C6F14,kt C6F14 / yr,unspecified,0.0,0.0,0.0,0.0,0.0,0.0,0.0,0.0,0.0,0.0,0.0,0.0,0.0,0.0,0.0,0.0,0.0,0.0,0.0,0.0,0.0,0.0,0.0,0.0,0.0,0.0,0.0,0.0,0.0,0.0,0.0,0.0,0.0,0.0,0.0,0.0,0.0,0.0,0.0,0.0,0.0,0.0,0.0,0.0,0.0,0.0,0.0,0.0,0.0,0.0,0.0,0.0,0.0,0.0,0.0,0.0,0.0,0.0,0.0,0.0,0.0,0.0,0.0,0.0,0.0,0.0,0.0,0.0,0.0,0.0,0.0,0.0,0.0,0.0,0.0,0.0,0.0,0.0,0.0,0.0,0.0,0.0,0.0,0.0,0.0,0.0,0.0,0.0,0.0,0.0,0.0,0.0,0.0,0.0,0.0,0.0,0.0,0.0,0.0,0.0,0.0,0.0,0.0,0.0,0.0,0.0,0.0,0.0,0.0,0.0,0.0,0.0,0.0,0.0,0.0,0.0,0.0,0.0,0.0,0.0,0.0,0.0,0.0,0.0,0.0,0.0,0.0,0.0,0.0,0.0,0.0,0.0,0.0,0.0,0.0,0.0,0.0,0.0,0.0,0.0,0.0,0.0,0.0,0.0,0.0,0.0,0.0,0.0,0.0,0.0,0.0,0.0,0.0,0.0,0.0,0.0,0.0,0.0,0.0,0.0,0.0,0.0,0.0,0.0,0.0,0.0,0.0,0.0,0.0,0.0,0.0,0.0,0.0,0.0,0.0,0.0,0.0,0.0,0.0,0.0,0.0,0.0,0.0,0.0,0.0,0.0,0.0,0.0,0.0,0.0,0.0,0.0,0.0,0.0,0.0,0.0,0.0,0.0,0.0,0.0,0.0,0.0,0.0,0.0,0.0,0.0,0.0,0.0,0.0,0.0,0.0,0.0,0.0,0.0,0.0,0.0,0.0,0.0,0.0,0.0,0.0,0.0,0.0,0.0,0.0,0.0,0.0,0.0,0.0,0.0,0.0,0.0,0.0,0.0,0.0,0.4624,0.4651,0.4058,0.3939,0.4062,0.4358
unspecified,historical,World,Emissions|CCl4,kt CCl4 / yr,unspecified,0.0,0.0,0.0,0.0,0.0,0.0,0.0,0.0,0.0,0.0,0.0,0.0,0.0,0.0,0.0,0.0,0.0,0.0,0.0,0.0,0.0,0.0,0.0,0.0,0.0,0.0,0.0,0.0,0.0,0.0,0.0,0.0,0.0,0.0,0.0,0.0,0.0,0.0,0.0,0.0,0.0,0.0,0.0,0.0,0.0,0.0,0.0,0.0,0.0,0.0,0.0,0.0,0.0,0.0,0.0,0.0,0.0,0.0,0.0,0.0,0.0,0.0,0.0,0.0,0.0,0.0,0.0,0.0,0.0,0.0,0.0,0.0,0.0,0.0,0.0,0.0,0.0,0.0,0.0,0.0,0.0,0.0,0.0,0.0,0.0,1.395,1.447,1.502,1.554,1.607,1.657,1.712,1.765,1.815,1.87,1.923,1.973,2.028,2.081,2.134,2.184,2.239,2.291,2.341,2.386,2.452,2.505,2.557,2.61,2.663,2.85,2.989,3.13,3.275,3.396,3.573,3.726,3.883,4.043,4.233,4.427,4.625,4.827,5.033,5.27,5.485,5.731,6.01,6.267,6.529,6.824,7.151,7.432,7.798,8.119,8.473,8.592,8.762,8.906,9.102,9.623,12.093,12.363,12.633,12.903,13.146,14.007,19.895,19.025,11.082,11.216,18.614,22.143,22.696,23.196,23.802,24.304,24.563,25.35,25.878,28.827,29.446,30.065,30.685,31.573,31.933,32.553,33.979,41.893,42.817,43.74,44.664,45.588,46.512,47.436,50.781,52.603,53.918,54.705,55.75,56.796,59.187,67.278,68.369,74.34,65.0,65.0,70.0,75.0,80.0,85.0,90.0,95.0,100.0,105.0,110.0,115.0,119.0,123.0,127.0,127.0,127.0,127.0,127.0,127.0,127.0,127.0,127.0,127.0,127.0,127.0,127.0,127.0,127.0,127.0,121.849,110.093,123.807,135.729,134.867,109.714,149.931,115.608,135.667,118.146,143.171,70.607,91.022,85.436,77.289,85.021,70.403,74.423,84.361,69.242,74.132,65.195,69.565,69.381,67.383,65.0
unspecified,historical,World,Emissions|CF4,kt CF4 / yr,unspecified,0.010762744,0.010752073000000001,0.010747949,0.01074382,0.010739687,0.010735548000000001,0.010731403,0.010727253999999999,0.010723098,0.010718937,0.010714768999999999,0.010710595,0.010706413,0.010702225,0.01069803,0.010693826000000002,0.010689617,0.010685398,0.010681171000000001,0.010676935,0.010672691000000002,0.010668437,0.010664172,0.010659898999999999,0.010655613999999999,0.010651319,0.010647011999999999,0.010642695,0.010638363999999999,0.010634021,0.010629666000000001,0.010625296999999999,0.010620913999999999,0.010616516999999999,0.010612106000000001,0.010607681,0.010603238000000001,0.01059878,0.010594305,0.010589813,0.010585303,0.010580775,0.010576228,0.010571661000000001,0.010567074,0.010562466999999999,0.010557838,0.010553187,0.010548513,0.010543815,0.010539093999999999,0.010534347,0.010529574,0.010524775,0.010519947,0.010515091,0.010510206000000001,0.010505291000000002,0.010500343,0.010495363999999998,0.010490352,0.010485305,0.010480223,0.010475104,0.010469948,0.010464751,0.010459517,0.010454239,0.01044892,0.010443556,0.010438147,0.010432691,0.010427186,0.010421632,0.010416028,0.010410369000000001,0.010404655,0.010398886,0.010393056999999999,0.01038717,0.01038122,0.010375207,0.010369128,0.010362983000000001,0.010356769,0.010350482,0.010350913,0.010351344,0.010351774000000001,0.010352205,0.010352638,0.01035307,0.0103535,0.010353931,0.010354361999999999,0.010354793000000001,0.01035496,0.010355129,0.010355298,0.010355467,0.010355635,0.010355804,0.010355975,0.010356145,0.010356315999999999,0.010356485,0.010356891,0.010357297,0.010357705,0.010358112,0.010358519,0.010358926999999999,0.010359338000000001,0.010359748,0.01036016,0.010360569,0.010361285999999999,0.010362003,0.01036272,0.010363441,0.010364164,0.010364884,0.010365604,0.010366324,0.010367045,0.010367767,0.010368724000000001,0.01036968,0.010370641,0.010371601999999999,0.01037256,0.010373516,0.010374477,0.010375435,0.010376393000000001,0.010377345,0.010379723,0.0103821,0.010384475,0.01038685,0.010389227,0.010391604,0.010393983,0.010396358,0.010398735,0.010401115,0.010406394,0.010411672,0.010416950999999999,0.010422233000000001,0.010427518,0.010432805,0.010438096,0.010443388,0.010448681999999999,0.010453981999999999,0.0104523,0.98417991,1.1648849,1.2256653,1.2896433999999999,1.3569897,1.4278826999999998,1.5025036,1.5810544,1.6637375,1.7507764,1.8423953000000002,1.9388368999999999,2.0403528000000004,2.1472124,2.2596977000000003,2.3781004,2.5027381,2.6339327999999997,2.7720335,2.9174066,3.0704314,3.2315097,3.4010636,3.5795440000000003,3.7674167,3.9651774,4.1733472,4.392470200000001,4.623130000000001,4.865916,5.121479,5.3904959,5.6736692,5.971749099999999,6.2855162,6.615796899999999,6.9634615,7.329426600000001,7.7146508,8.1201607,8.5470132,14.984956,13.488098999999998,13.488369,13.488639000000001,13.488909,13.48918,13.489448999999999,11.992564,13.489967000000002,13.490244,13.490523000000001,11.993644999999999,13.49105,13.491328,11.994452,13.491857000000001,11.994981,13.492386999999999,11.995499,13.492892999999999,11.996004,11.996242,11.99648,13.493874,11.996986,11.997224000000001,11.997461999999999,11.997683,11.997905000000001,11.998111,11.998353999999999,11.998586999999999,10.501674000000001,11.999071,11.999322,11.999575,10.502692,12.0001,11.925,11.8481,11.7693,11.6885,11.6059
unspecified,historical,World,Emissions|CFC11,kt CFC11 / yr,unspecified,0.0,0.0,0.0,0.0,0.0,0.0,0.0,0.0,0.0,0.0,0.0,0.0,0.0,0.0,0.0,0.0,0.0,0.0,0.0,0.0,0.0,0.0,0.0,0.0,0.0,0.0,0.0,0.0,0.0,0.0,0.0,0.0,0.0,0.0,0.0,0.0,0.0,0.0,0.0,0.0,0.0,0.0,0.0,0.0,0.0,0.0,0.0,0.0,0.0,0.0,0.0,0.0,0.0,0.0,0.0,0.0,0.0,0.0,0.0,0.0,0.0,0.0,0.0,0.0,0.0,0.0,0.0,0.0,0.0,0.0,0.0,0.0,0.0,0.0,0.0,0.0,0.0,0.0,0.0,0.0,0.0,0.0,0.0,0.0,0.0,0.0,0.0,0.0,0.0,0.0,0.0,0.0,0.0,0.0,0.0,0.0,0.0,0.0,0.0,0.0,0.0,0.0,0.0,0.0,0.0,0.0,0.0,0.0,0.0,0.0,0.0,0.0,0.0,0.0,0.0,0.0,0.0,0.0,0.0,0.0,0.0,0.0,0.0,0.0,0.0,0.0,0.0,0.0,0.0,0.0,0.0,0.0,0.0,0.0,0.0,0.0,0.0,0.0,0.0,0.0,0.0,0.0,0.0,0.0,0.0,0.0,0.0,0.0,0.0,0.0,0.0,0.0,0.0,0.0,0.0,0.0,0.0,0.0,0.0,0.0,0.0,0.0,0.0,0.0,0.0,0.0,0.0,0.0,0.0,0.0,0.0,0.0,0.0,0.161,0.161,0.161,0.161,0.161,0.322,0.322,0.483,0.966,2.093,3.703,6.118,8.855,8.158,11.742,15.985,19.855,24.604,30.685,34.375,32.235,33.015,43.342,55.722,69.881,85.539,101.538,115.75,129.623,147.119,167.586,194.513,221.119,243.137,274.26,314.04,345.881,335.741,343.24,330.711,359.009,274.357,304.998,289.529,252.419,299.092,310.901,315.327,388.346,387.277,303.816,301.477,291.464,190.405,203.23,144.94,127.137,119.235,115.437,95.388,92.401,94.931,99.227,81.839,81.408,90.865,78.182,49.49
unspecified,historical,World,Emissions|CFC113,kt CFC113 / yr,unspecified,0.0,0.0,0.0,0.0,0.0,0.0,0.0,0.0,0.0,0.0,0.0,0.0,0.0,0.0,0.0,0.0,0.0,0.0,0.0,0.0,0.0,0.0,0.0,0.0,0.0,0.0,0.0,0.0,0.0,0.0,0.0,0.0,0.0,0.0,0.0,0.0,0.0,0.0,0.0,0.0,0.0,0.0,0.0,0.0,0.0,0.0,0.0,0.0,0.0,0.0,0.0,0.0,0.0,0.0,0.0,0.0,0.0,0.0,0.0,0.0,0.0,0.0,0.0,0.0,0.0,0.0,0.0,0.0,0.0,0.0,0.0,0.0,0.0,0.0,0.0,0.0,0.0,0.0,0.0,0.0,0.0,0.0,0.0,0.0,0.0,0.0,0.0,0.0,0.0,0.0,0.0,0.0,0.0,0.0,0.0,0.0,0.0,0.0,0.0,0.0,0.0,0.0,0.0,0.0,0.0,0.0,0.0,0.0,0.0,0.0,0.0,0.0,0.0,0.0,0.0,0.0,0.0,0.0,0.0,0.0,0.0,0.0,0.0,0.0,0.0,0.0,0.0,0.0,0.0,0.0,0.0,0.0,0.0,0.0,0.0,0.0,0.0,0.0,0.0,0.0,0.0,0.0,0.0,0.0,0.0,0.0,0.0,0.0,0.0,0.0,0.0,0.0,0.0,0.0,0.0,0.0,0.0,0.0,0.0,0.0,0.0,0.0,0.0,0.0,0.0,0.0,0.0,0.0,0.0,0.0,0.0,0.0,0.0,0.0,0.0,0.0,0.0,0.0,0.0,0.0,1.868,4.203,5.137,6.071,6.538,7.939,1.889,2.139,2.437,2.785,3.233,3.73,4.227,4.824,5.57,6.366,7.212,8.248,9.476,10.853,12.426,14.246,16.313,18.678,21.388,24.494,28.094,32.236,36.92,42.295,48.505,55.552,63.634,72.896,83.489,95.641,104.421,108.943,120.93,177.397,128.622,169.103,250.222,245.07,204.109,203.131,198.928,121.343,67.857,61.065,22.978,27.962,18.663,14.831,14.362,17.777,12.051,6.019,2.604,5.237,0.854
unspecified,historical,World,Emissions|CFC114,kt CFC114 / yr,unspecified,0.0,0.0,0.0,0.0,0.0,0.0,0.0,0.0,0.0,0.0,0.0,0.0,0.0,0.0,0.0,0.0,0.0,0.0,0.0,0.0,0.0,0.0,0.0,0.0,0.0,0.0,0.0,0.0,0.0,0.0,0.0,0.0,0.0,0.0,0.0,0.0,0.0,0.0,0.0,0.0,0.0,0.0,0.0,0.0,0.0,0.0,0.0,0.0,0.0,0.0,0.0,0.0,0.0,0.0,0.0,0.0,0.0,0.0,0.0,0.0,0.0,0.0,0.0,0.0,0.0,0.0,0.0,0.0,0.0,0.0,0.0,0.0,0.0,0.0,0.0,0.0,0.0,0.0,0.0,0.0,0.0,0.0,0.0,0.0,0.0,0.0,0.0,0.0,0.0,0.0,0.0,0.0,0.0,0.0,0.0,0.0,0.0,0.0,0.0,0.0,0.0,0.0,0.0,0.0,0.0,0.0,0.0,0.0,0.0,0.0,0.0,0.0,0.0,0.0,0.0,0.0,0.0,0.0,0.0,0.0,0.0,0.0,0.0,0.0,0.0,0.0,0.0,0.0,0.0,0.0,0.0,0.0,0.0,0.0,0.0,0.0,0.0,0.0,0.0,0.0,0.0,0.0,0.0,0.0,0.0,0.0,0.0,0.0,0.0,0.0,0.0,0.0,0.0,0.0,0.0,0.0,0.0,0.0,0.0,0.0,0.0,0.0,0.0,0.0,0.0,0.0,0.0,0.0,0.0,0.117,0.117,0.117,0.234,0.234,0.351,0.468,0.585,0.819,1.17,1.521,3.861,6.318,6.903,7.254,7.722,8.073,7.102,7.288,7.43,7.431,7.388,7.302,7.25,7.221,7.176,6.6,6.88,7.168,7.421,7.692,7.975,8.305,8.623,8.974,9.344,9.687,10.052,10.471,10.883,11.29,11.734,12.2,12.68,13.168,13.661,14.194,14.121,13.905,14.252,14.781,15.705,16.379,16.667,16.593,15.725,14.022,13.243,10.324,8.322,6.105,4.784,2.943,1.886,1.199,0.784,0.567,0.45,0.423,0.37,0.378,0.227
unspecified,historical,World,Emissions|CFC115,kt CFC115 / yr,unspecified,0.0,0.0,0.0,0.0,0.0,0.0,0.0,0.0,0.0,0.0,0.0,0.0,0.0,0.0,0.0,0.0,0.0,0.0,0.0,0.0,0.0,0.0,0.0,0.0,0.0,0.0,0.0,0.0,0.0,0.0,0.0,0.0,0.0,0.0,0.0,0.0,0.0,0.0,0.0,0.0,0.0,0.0,0.0,0.0,0.0,0.0,0.0,0.0,0.0,0.0,0.0,0.0,0.0,0.0,0.0,0.0,0.0,0.0,0.0,0.0,0.0,0.0,0.0,0.0,0.0,0.0,0.0,0.0,0.0,0.0,0.0,0.0,0.0,0.0,0.0,0.0,0.0,0.0,0.0,0.0,0.0,0.0,0.0,0.0,0.0,0.0,0.0,0.0,0.0,0.0,0.0,0.0,0.0,0.0,0.0,0.0,0.0,0.0,0.0,0.0,0.0,0.0,0.0,0.0,0.0,0.0,0.0,0.0,0.0,0.0,0.0,0.0,0.0,0.0,0.0,0.0,0.0,0.0,0.0,0.0,0.0,0.0,0.0,0.0,0.0,0.0,0.0,0.0,0.0,0.0,0.0,0.0,0.0,0.0,0.0,0.0,0.0,0.0,0.0,0.0,0.0,0.0,0.0,0.0,0.0,0.0,0.0,0.0,0.0,0.0,0.0,0.0,0.0,0.0,0.0,0.0,0.0,0.0,0.0,0.0,0.0,0.0,0.0,0.0,0.0,0.0,0.0,0.0,0.0,0.0,0.0,0.0,0.0,0.0,0.0,0.0,0.0,0.0,0.0,0.0,0.0,0.0,0.0,0.0,0.0,0.0,0.0,0.0,0.0,0.0,0.0,0.0,0.0,0.0,0.0,0.0,0.0,0.0,0.0,0.225,0.444,0.633,0.825,1.043,1.283,1.537,1.803,2.127,2.495,2.921,3.391,3.943,4.582,5.337,6.228,7.006,7.743,8.399,9.207,9.71,9.792,10.152,10.807,11.493,12.26,12.363,12.135,12.018,11.681,11.011,9.083,7.019,5.429,4.223,3.32,2.609,2.069,1.609,1.288,1.046,0.785
unspecified,historical,World,Emissions|CFC12,kt CFC12 / yr,unspecified,0.0,0.0,0.0,0.0,0.0,0.0,0.0,0.0,0.0,0.0,0.0,0.0,0.0,0.0,0.0,0.0,0.0,0.0,0.0,0.0,0.0,0.0,0.0,0.0,0.0,0.0,0.0,0.0,0.0,0.0,0.0,0.0,0.0,0.0,0.0,0.0,0.0,0.0,0.0,0.0,0.0,0.0,0.0,0.0,0.0,0.0,0.0,0.0,0.0,0.0,0.0,0.0,0.0,0.0,0.0,0.0,0.0,0.0,0.0,0.0,0.0,0.0,0.0,0.0,0.0,0.0,0.0,0.0,0.0,0.0,0.0,0.0,0.0,0.0,0.0,0.0,0.0,0.0,0.0,0.0,0.0,0.0,0.0,0.0,0.0,0.0,0.0,0.0,0.0,0.0,0.0,0.0,0.0,0.0,0.0,0.0,0.0,0.0,0.0,0.0,0.0,0.0,0.0,0.0,0.0,0.0,0.0,0.0,0.0,0.0,0.0,0.0,0.0,0.0,0.0,0.0,0.0,0.0,0.0,0.0,0.0,0.0,0.0,0.0,0.0,0.0,0.0,0.0,0.0,0.0,0.0,0.0,0.0,0.0,0.0,0.0,0.0,0.0,0.0,0.0,0.0,0.0,0.0,0.0,0.0,0.0,0.0,0.0,0.0,0.0,0.0,0.0,0.0,0.0,0.0,0.0,0.0,0.0,0.0,0.0,0.0,0.0,0.0,0.0,0.0,0.0,0.097,0.097,0.097,0.194,0.291,0.485,0.776,1.164,1.649,2.231,2.91,3.589,4.365,5.917,7.76,13.483,20.661,24.056,25.802,28.615,33.854,35.2,39.582,44.802,50.343,58.664,66.689,69.93,78.149,93.09,104.6,120.668,141.744,164.921,185.933,208.571,235.269,263.953,294.486,321.743,346.609,378.471,419.239,454.701,442.834,432.28,419.447,424.498,357.266,432.044,386.347,400.317,408.416,432.125,407.669,502.712,453.238,507.99,385.52,405.617,309.884,303.369,228.999,232.722,194.71,178.907,160.981,152.715,145.169,140.712,117.202,100.258,107.745,87.647,51.552
unspecified,historical,World,Emissions|CH3Br,kt CH3Br / yr,unspecified,157.267,157.267,157.267,157.267,157.267,157.267,157.267,157.267,157.267,157.267,157.267,157.267,157.267,157.267,157.267,157.267,157.267,157.267,157.267,157.267,157.267,157.267,157.267,157.267,157.267,157.267,157.267,157.267,157.267,157.267,157.267,157.267,157.267,157.267,157.267,157.267,157.267,157.267,157.267,157.267,157.267,157.267,157.267,157.267,157.267,157.267,157.267,157.267,157.267,157.267,157.267,157.267,157.267,157.267,157.267,157.267,157.267,157.267,157.267,157.267,157.267,157.267,157.267,157.267,157.267,157.267,157.267,157.267,157.267,157.267,157.267,157.267,157.267,157.267,157.267,157.267,157.267,157.267,157.267,157.267,157.267,157.267,157.267,157.267,157.267,157.267,157.267,157.267,157.267,157.267,157.267,157.267,157.267,157.267,157.267,157.267,157.267,157.267,157.267,157.267,157.267,157.267,157.267,157.267,157.267,157.267,157.267,157.267,157.267,157.267,157.267,157.267,157.267,157.267,157.267,157.267,157.267,157.267,157.267,157.267,157.267,157.267,157.267,157.267,157.267,157.267,157.267,157.267,157.267,157.267,157.267,157.267,157.267,157.267,157.267,157.267,157.267,157.267,157.267,157.267,157.267,157.267,157.267,157.267,157.267,157.267,157.267,157.267,157.267,157.267,157.267,157.267,157.267,157.267,157.267,157.267,157.267,157.267,157.267,157.267,157.267,157.267,157.267,157.267,157.267,157.267,157.267,157.267,157.267,157.267,157.267,157.267,157.267,157.267,157.267,157.267,157.267,157.267,157.267,157.267,157.267,157.267,157.267,157.267,157.267,157.267,157.267,157.927,158.604,159.3,160.014,160.748,161.502,162.277,163.073,163.892,164.735,165.601,166.493,167.41,168.355,169.328,170.329,171.36,172.423,173.518,174.646,175.809,177.007,178.243,179.517,180.83,182.185,183.581,185.022,186.506,188.038,189.616,191.243,192.92,194.648,196.427,198.259,200.146,202.087,204.082,206.133,208.24,210.402,212.619,200.199,201.834,207.696,206.946,195.938,186.206,181.525,181.887,177.539,174.26,168.841
unspecified,historical,World,Emissions|CH3CCl3,kt CH3CCl3 / yr,unspecified,0.0,0.0,0.0,0.0,0.0,0.0,0.0,0.0,0.0,0.0,0.0,0.0,0.0,0.0,0.0,0.0,0.0,0.0,0.0,0.0,0.0,0.0,0.0,0.0,0.0,0.0,0.0,0.0,0.0,0.0,0.0,0.0,0.0,0.0,0.0,0.0,0.0,0.0,0.0,0.0,0.0,0.0,0.0,0.0,0.0,0.0,0.0,0.0,0.0,0.0,0.0,0.0,0.0,0.0,0.0,0.0,0.0,0.0,0.0,0.0,0.0,0.0,0.0,0.0,0.0,0.0,0.0,0.0,0.0,0.0,0.0,0.0,0.0,0.0,0.0,0.0,0.0,0.0,0.0,0.0,0.0,0.0,0.0,0.0,0.0,0.0,0.0,0.0,0.0,0.0,0.0,0.0,0.0,0.0,0.0,0.0,0.0,0.0,0.0,0.0,0.0,0.0,0.0,0.0,0.0,0.0,0.0,0.0,0.0,0.0,0.0,0.0,0.0,0.0,0.0,0.0,0.0,0.0,0.0,0.0,0.0,0.0,0.0,0.0,0.0,0.0,0.0,0.0,0.0,0.0,0.0,0.0,0.0,0.0,0.0,0.0,0.0,0.0,0.0,0.0,0.0,0.0,0.0,0.0,0.0,0.0,0.0,0.0,0.0,0.0,0.0,0.0,0.0,0.0,0.0,0.0,0.0,0.0,0.0,0.0,0.0,0.0,0.0,0.0,0.0,0.0,0.0,0.0,0.0,0.0,0.0,0.0,0.0,0.0,0.0,0.0,0.0,0.0,0.0,0.0,0.0,0.0,0.0,0.0,0.0,0.0,0.0,0.0,0.0,1.214,3.512,6.224,9.469,10.772,14.717,18.348,20.077,28.22,31.46,36.197,48.096,69.567,94.137,114.767,134.875,141.326,170.133,214.168,266.209,305.489,308.992,382.3,462.112,587.319,489.712,550.707,505.097,505.343,553.718,569.476,546.714,539.076,647.608,635.816,564.767,694.142,573.576,554.986,372.232,244.236,201.637,89.184,62.53,29.412,24.668,18.584,13.253,13.487,8.444,10.874,10.874
unspecified,historical,World,Emissions|CH3Cl,kt CH3Cl / yr,unspecified,3100.211,3100.211,3100.211,3100.211,3100.211,3100.211,3100.211,3100.211,3100.211,3100.211,3100.211,3100.211,3100.211,3100.211,3100.211,3100.211,3100.211,3100.211,3100.211,3100.211,3100.211,3100.211,3100.211,3100.211,3100.211,3100.211,3100.211,3100.211,3100.211,3100.211,3100.211,3100.211,3100.211,3100.211,3100.211,3100.211,3100.211,3100.211,3100.211,3100.211,3100.211,3100.211,3100.211,3100.211,3100.211,3100.211,3100.211,3100.211,3100.211,3100.211,3100.211,3100.211,3100.211,3100.211,3100.211,3100.211,3100.211,3100.211,3100.211,3100.211,3100.211,3100.211,3100.211,3100.211,3100.211,3100.211,3100.211,3100.211,3100.211,3100.211,3100.211,3100.211,3100.211,3100.211,3100.211,3100.211,3100.211,3100.211,3100.211,3100.211,3100.211,3100.211,3100.211,3100.211,3100.211,3100.211,3100.211,3100.211,3100.211,3100.211,3100.211,3100.211,3100.211,3100.211,3100.211,3100.211,3100.211,3100.211,3100.211,3100.211,3100.211,3100.211,3100.211,3100.211,3100.211,3100.211,3100.211,3100.211,3100.211,3100.211,3100.211,3100.211,3100.211,3100.211,3100.211,3100.211,3100.211,3100.211,3100.211,3100.211,3100.211,3100.211,3100.211,3100.211,3100.211,3100.211,3100.211,3100.211,3100.211,3100.211,3100.211,3100.211,3100.211,3100.211,3100.211,3100.211,3100.211,3100.211,3100.211,3100.211,3100.211,3100.211,3100.211,3100.211,3100.211,3100.211,3100.211,3100.211,3100.211,3100.211,3100.211,3100.211,3100.211,3100.211,3100.211,3100.211,3100.211,3100.211,3100.211,3100.211,3100.211,3100.211,3100.211,3100.211,3100.211,3100.211,3100.211,3100.211,3100.211,3100.211,3100.211,3100.211,3100.211,3100.211,3100.211,3100.211,3100.211,3100.211,3100.211,3100.211,3100.211,3100.211,3100.211,3100.211,3100.211,3100.211,3100.211,3117.785,3137.148,3158.216,3180.749,3204.498,3229.071,3254.039,3278.967,3303.389,3326.864,3349.069,3369.713,3388.628,3405.698,3420.923,3434.335,3446.065,3456.224,3464.95,3472.409,3478.741,3484.114,3488.632,3492.425,3495.619,3498.281,3500.505,3502.36,3503.915,3505.193,3506.255,3507.154,3507.882,3508.496,3508.999,3509.425,3509.774,3510.061,3510.299,3510.501,3510.656,3510.801,3510.907,3511.005,3511.082,3511.082,3511.082,3511.082,3511.082,3511.082,3511.082,3511.082,3511.082,3511.082
unspecified,historical,World,Emissions|CH4,Mt CH4 / yr,unspecified,0.0,1.9632618999999998,2.4364481,2.911105,3.3872782,3.8650146,4.3443625,4.8253718,5.308093799999999,5.7925816,6.278889599999999,6.7670743,7.2571937,7.7493076,8.2434776,8.7397674,9.2382426,9.738970599999998,10.242021000000001,10.747466000000001,11.25538,11.765839,12.278921,12.794707,13.313282000000001,13.834732,14.359145000000002,14.886613,15.417231,15.951096,16.488308,17.028971,17.573192000000002,18.121081,18.672751,19.228319,19.787906,20.351635,20.919635999999997,21.49204,22.068984,22.650607,23.237054999999998,23.828476000000002,24.425025,25.02686,25.634145,26.247048,26.865743,27.490408000000002,28.121229999999997,28.758398,29.402108000000002,30.052563,30.709971000000003,31.374547999999997,32.046514,32.7261,33.413539,34.109076,34.81296,35.52545,36.246813,36.977321,37.717259000000006,38.466916999999995,39.226597,39.996609,40.777271,41.568914,42.371876,43.186509,44.013172999999995,44.85224,45.704093,46.569129,47.447755,48.34039,49.247469,50.169439000000004,51.106759000000004,52.059903999999996,53.029365000000006,54.015643999999995,55.019264,56.040758999999994,56.46131999999999,56.88188,57.302441,57.723001000000004,58.143562,58.564122,58.984683,59.405243000000006,59.825804000000005,60.246364,59.614468,58.982572999999995,58.350677000000005,57.71878100000001,57.086884999999995,56.45499,55.823094,55.191198,54.559303,53.927406999999995,56.683868999999994,59.44033100000001,62.19679300000001,64.953255,67.709717,70.46618000000001,73.22264200000001,75.979104,78.735566,81.492028,84.359461,87.226893,90.094326,92.96175799999999,95.82919100000001,98.696624,101.56406,104.43149,107.29892,110.16635,111.52362,112.88089,114.23816000000001,115.59543000000001,116.9527,118.30996999999999,119.66723999999999,121.02451,122.38178,123.73905,124.8415,125.94396,127.04642,128.14887,129.25133,130.35378,131.45623999999998,132.5587,133.66115,134.76361,135.96943000000002,137.17525,138.38107,139.5869,140.79272,141.99854,143.20436,144.41019,145.61601000000002,146.82183,147.86155,148.90128,149.941,150.98072,152.02045,153.06017,154.09989,155.13962,156.17934,157.21906,158.34545,159.47183,160.59821000000002,161.7246,162.85098,163.97736,165.10375,166.23013,167.35651000000001,168.4829,170.03046,171.57803,173.12559,174.67315,176.22072,177.76828,179.31583999999998,180.86341000000002,182.41097,183.95853,189.11003,194.26153,199.41303,204.56453,209.71603,214.86753,220.01902,225.17052,230.32202,235.47352,238.52217000000002,241.57082999999997,244.61947999999998,247.66813,250.71679,253.76543999999998,256.81408999999996,259.86274,262.9114,265.96005,270.02505,274.09004,278.15504,282.22003,286.28503,290.35002000000003,294.41502,298.48002,302.54501,306.61001,310.01251,313.415,316.8175,320.22,323.6225,327.025,330.42749,333.82999,337.23249,340.63499,336.59218,332.54937,328.50656000000004,324.46375,320.42094,316.37814,312.33533,308.29252,304.24971,300.2069,303.4092,306.5788,309.7164,312.824,315.9027
unspecified,historical,World,Emissions|CO,Mt CO / yr,unspecified,0.0,9.0502213,12.960844,16.876539,20.797465,24.723782,28.655658000000003,32.593264000000005,36.536778000000005,40.486382,44.442265,48.40462,52.373649,56.349557,60.332558,64.32287,68.32072,72.32634,76.339972,80.361863,84.392268,88.431451,92.479683,96.537244,100.60441999999999,104.68151999999999,108.76883000000001,112.86668,116.9754,121.09532,125.22678,129.37015,133.52578,137.69406999999998,141.8754,146.07018,150.27882,154.50173999999998,158.7394,162.99225,167.26075,171.5454,175.84668,180.16513,184.50125,188.85561,193.22877,197.62131000000002,202.03382,206.46693,210.92127000000002,215.39751,219.8963,224.41836,228.96441000000002,233.53517999999997,238.13144,242.75397999999998,247.40361000000001,252.08117000000001,256.78752000000003,261.52355,266.29019,271.08837,275.91908,280.78331000000003,285.68212,290.61656,295.58772999999997,300.59677999999997,305.64487,310.73322,315.86307,321.03569,326.25242000000003,331.51462000000004,336.82369,342.18109,347.5883,353.04688,358.5584,364.1245,369.74689,375.42728,381.16749,386.96935,387.46072000000004,387.95209,388.44346,388.93483,389.42621,389.91758,390.40895,390.90032,391.39169,391.88307000000003,392.8961,393.90914,394.92217999999997,395.93522,396.94826,397.9613,398.97434,399.98738,401.00042,402.01346,403.03247999999996,404.0515,405.07052000000004,406.08954,407.10856,408.12757999999997,409.1466,410.16562000000005,411.18464,412.20366,413.25581,414.30795,415.3601,416.41225,417.46439,418.51653999999996,419.56869000000006,420.62082999999996,421.67298,422.72513,424.29312000000004,425.86110999999994,427.42911,428.9971,430.56509000000005,432.13309000000004,433.70108,435.26907,436.83707000000004,438.40505999999993,439.89155999999997,441.37805999999995,442.86456,444.35105999999996,445.83755999999994,447.32406,448.81055999999995,450.29706,451.78355999999997,453.27005999999994,451.75965,450.24925,448.73884000000004,447.22844000000003,445.71803,444.20762,442.69722,441.18681,439.67641,438.166,440.99557000000004,443.82514000000003,446.65470999999997,449.48427000000004,452.31384,455.14340999999996,457.97298,460.80254,463.63210999999995,466.46168,468.03074000000004,469.5998,471.16885999999994,472.73790999999994,474.30697000000004,475.87602999999996,477.44509000000005,479.01415,480.58320999999995,482.15227000000004,488.55777,494.96327,501.36877999999996,507.77428,514.17979,520.58529,526.9907900000001,533.3963,539.8018,546.20731,558.44614,570.68497,582.9238,595.16263,607.40145,619.64028,631.87911,644.1179400000001,656.35677,668.5956,682.67558,696.75555,710.83553,724.9155099999999,738.9954799999999,753.0754599999999,767.15544,781.23541,795.3153900000001,809.3953700000001,825.18291,840.97046,856.758,872.54555,888.3331,904.1206400000001,919.90819,935.69573,951.48328,967.27082,980.4447,993.6185800000001,1006.7925,1019.9663,1033.1402,1046.3141,1059.488,1072.6618,1085.8357,1099.0096,1095.9087,1092.8078,1089.707,1086.6061,1083.5052,1080.4043,1077.3034,1074.2026,1071.1017,1068.0008,1066.7448,1065.4691,1064.1741,1062.8596,1061.5255
unspecified,historical,World,Emissions|CO2|MAGICC AFOLU,Gt C / yr,unspecified,0.0,0.0053382963,0.010676593,0.016014888999999997,0.021353185,0.026691482000000002,0.032029777999999995,0.037368074,0.04270637099999999,0.048044667,0.053382963,0.058721259000000005,0.06405955599999999,0.069397852,0.074736148,0.080074445,0.085412741,0.09075103699999999,0.096089334,0.10142763,0.10676593,0.11210422,0.11744252,0.12278082,0.12811911,0.13345741,0.1387957,0.144134,0.1494723,0.15481059,0.16014889,0.16548719,0.17082548,0.17616378,0.18150207,0.18684037,0.19217867,0.19751696,0.20285526,0.20819356,0.21353185,0.21887015,0.22420845,0.22954674,0.23488504,0.24022333,0.24556163,0.25089993,0.25623822,0.26157652,0.26691482,0.27225311,0.27759141,0.2829297,0.288268,0.2936063,0.29894459,0.30428289,0.30962119,0.31495948,0.32029778,0.32563608,0.33097437,0.33631267,0.34165096,0.34698926,0.35232756,0.35766585,0.36300415,0.36834245,0.37368074,0.37901904,0.38435733,0.38969563,0.39503393,0.40037222,0.40571052,0.41104882,0.41638711,0.42172541,0.42706371,0.432402,0.4377403,0.44307859,0.44841689,0.45375519,0.44678569,0.49862282,0.49735449,0.49581708,0.49367925,0.49893488,0.504232,0.50923298,0.51425389,0.51896689,0.5282236,0.47371663,0.47374912,0.47413825,0.47479536,0.47491218,0.47338353,0.47198274,0.47048522,0.46933399,0.48732546,0.56696435,0.57690133,0.58328394,0.5899696,0.59639187,0.60262312,0.6090507,0.61534752,0.62124317,0.64887292,0.60466403,0.60851762,0.61212775,0.61523611,0.61714413,0.61616314,0.61473356,0.6132002,0.61175412,0.61024855,0.62319119,0.62440331,0.64036719,0.64441851,0.6462784,0.64956412,0.65100098,0.65220446,0.65320628,0.70294318,0.70297364,0.72667096,0.74829324,0.76981521,0.79653384,0.80376274,0.81141278,0.81737807,0.82198169,0.77889405,0.74784844,0.72297977,0.71479152,0.70574964,0.70811648,0.7111963,0.71430427,0.71965435,0.72128338,0.75741661,0.7479409,0.75328819,0.75686059,0.75808855,0.76148327,0.79718283,0.79967141,0.82422601,0.89587975,0.90334082,0.81222597,0.80858849,0.79686256,0.79471575,0.80129993,0.77969902,0.78188222,0.77944376,0.76683237,0.75036458,0.7690497,0.7637656,0.76839864,0.76914739,0.84214892,0.87017994,0.87513044,0.88212641,0.89233465,1.0885201,1.1096378,1.1045171,1.1521416000000002,1.1911855,1.2446883,1.2718718,1.3195816999999999,1.2035957,1.1922833000000002,1.2443218,1.2355717,1.2442947,1.2515878999999999,1.2642558000000002,1.2936968,1.2976253999999998,1.2352028,1.2383879,1.1971128999999998,1.0708913,1.0470621,1.0330986999999998,1.0387370999999999,1.0315876,1.0906076999999998,1.0939874,1.09037,1.0647127,1.0252096,1.0448621,1.1904055,1.2255201,1.2600833,1.2753449,1.2872023000000001,1.2940086000000002,1.3167248,1.3236436000000003,1.3194833000000001,1.3809798999999998,1.3035303999999999,1.2981006000000002,1.2895956,1.2750104,1.2511025,1.2181396999999998,1.2148431,1.1827892,1.1488,1.132,1.2317,1.2257,1.2429,1.1955
unspecified,historical,World,Emissions|CO2|MAGICC Fossil and Industrial,Gt C / yr,unspecified,0.003,0.003,0.003,0.003,0.003,0.003,0.0039999999,0.0039999999,0.0039999999,0.0039999999,0.0039999999,0.0039999999,0.0039999999,0.0039999999,0.0039999999,0.0039999999,0.0049999999,0.0049999999,0.0049999999,0.0049999999,0.0049999999,0.0049999999,0.0049999999,0.0049999999,0.0049999999,0.0049999999,0.0059999999,0.0059999999,0.0059999999,0.0059999999,0.0059999999,0.0059999999,0.0069999999,0.0069999999,0.0069999999,0.0079999999,0.0079999999,0.0099999999,0.0089999999,0.0089999999,0.0089999999,0.0099999998,0.0099999999,0.0099999999,0.0099999999,0.0099999999,0.011,0.011,0.011,0.011,0.012,0.013,0.014,0.014,0.014,0.014,0.014,0.015,0.016,0.016,0.017,0.017,0.018,0.018,0.018,0.024,0.023,0.023,0.024,0.024,0.025,0.029,0.029,0.03,0.031,0.032999999,0.033999998999999996,0.035999999,0.036999999,0.038999999,0.042999999000000004,0.042999999000000004,0.04599999900000001,0.046999999,0.049999999,0.05399999900000001,0.05399999900000001,0.056999999,0.058999999000000004,0.068999999,0.07099999900000001,0.075999999,0.076999999,0.077999999,0.082999999,0.090999999,0.094999998,0.096999998,0.104,0.112,0.119,0.122,0.13022269,0.13525196,0.14228123,0.14731051,0.15633978,0.17336905,0.18439832,0.1744276,0.18845687,0.19148614,0.19451541,0.196,0.21,0.236,0.243,0.256,0.272,0.275,0.27699999,0.28099999,0.295,0.32699999,0.32699999,0.35599999,0.37199999,0.37399999,0.36999999,0.38299999,0.40599999,0.41899999,0.43999999,0.46499999,0.50699999,0.53399999,0.55199999,0.56599999,0.61699999,0.62399999,0.66299999,0.70699999,0.78399999,0.74999999,0.78499999,0.81899999,0.83599999,0.87899999,0.94299999,0.84999999,0.83799999,0.90099999,0.95499999,0.93599999,0.80599999,0.93199999,0.80299999,0.84499999,0.96999999,0.96299999,0.97499999,0.98299999,1.062,1.065,1.145,1.053,0.93999999,0.84699999,0.89299999,0.97299999,1.027,1.13,1.209,1.142,1.192,1.299,1.334,1.342,1.391,1.383,1.16,1.238,1.392,1.469,1.419,1.63,1.768,1.796,1.841,1.865,2.043,2.178,2.27,2.33,2.462,2.577,2.594,2.7,2.848,3.008,3.145,3.305,3.411,3.588,3.8,4.076,4.231,4.399,4.6349999,4.644,4.615,4.883,5.029,5.105,5.387,5.332,5.168,5.127,5.11,5.29,5.444,5.61,5.753,5.964,6.089,6.144,6.235,6.118,6.124,6.242,6.372,6.51,6.619,6.588,6.569,6.735,6.8959,6.949,7.286,7.6719,7.971
unspecified,historical,World,Emissions|HCFC141b,kt HCFC141b / yr,unspecified,0.0,0.0,0.0,0.0,0.0,0.0,0.0,0.0,0.0,0.0,0.0,0.0,0.0,0.0,0.0,0.0,0.0,0.0,0.0,0.0,0.0,0.0,0.0,0.0,0.0,0.0,0.0,0.0,0.0,0.0,0.0,0.0,0.0,0.0,0.0,0.0,0.0,0.0,0.0,0.0,0.0,0.0,0.0,0.0,0.0,0.0,0.0,0.0,0.0,0.0,0.0,0.0,0.0,0.0,0.0,0.0,0.0,0.0,0.0,0.0,0.0,0.0,0.0,0.0,0.0,0.0,0.0,0.0,0.0,0.0,0.0,0.0,0.0,0.0,0.0,0.0,0.0,0.0,0.0,0.0,0.0,0.0,0.0,0.0,0.0,0.0,0.0,0.0,0.0,0.0,0.0,0.0,0.0,0.0,0.0,0.0,0.0,0.0,0.0,0.0,0.0,0.0,0.0,0.0,0.0,0.0,0.0,0.0,0.0,0.0,0.0,0.0,0.0,0.0,0.0,0.0,0.0,0.0,0.0,0.0,0.0,0.0,0.0,0.0,0.0,0.0,0.0,0.0,0.0,0.0,0.0,0.0,0.0,0.0,0.0,0.0,0.0,0.0,0.0,0.0,0.0,0.0,0.0,0.0,0.0,0.0,0.0,0.0,0.0,0.0,0.0,0.0,0.0,0.0,0.0,0.0,0.0,0.0,0.0,0.0,0.0,0.0,0.0,0.0,0.0,0.0,0.0,0.0,0.0,0.0,0.0,0.0,0.0,0.0,0.0,0.0,0.0,0.0,0.0,0.0,0.0,0.0,0.0,0.0,0.0,0.0,0.0,0.0,0.0,0.0,0.0,0.0,0.0,0.0,0.0,0.0,0.0,0.0,0.0,0.0,0.0,0.0,0.0,0.0,0.0,0.0,0.0,0.0,0.0,0.0,0.0,0.0,0.0,0.0,0.0,0.0,0.0,0.0,0.0,0.0,0.0,0.0,0.0,0.0,0.0,0.0,0.0,0.0,23.101,33.844,41.961,51.431,46.639,58.131,55.817,55.602,57.19,57.77,48.801,43.847,46.641
unspecified,historical,World,Emissions|HCFC142b,kt HCFC142b / yr,unspecified,0.0,0.0,0.0,0.0,0.0,0.0,0.0,0.0,0.0,0.0,0.0,0.0,0.0,0.0,0.0,0.0,0.0,0.0,0.0,0.0,0.0,0.0,0.0,0.0,0.0,0.0,0.0,0.0,0.0,0.0,0.0,0.0,0.0,0.0,0.0,0.0,0.0,0.0,0.0,0.0,0.0,0.0,0.0,0.0,0.0,0.0,0.0,0.0,0.0,0.0,0.0,0.0,0.0,0.0,0.0,0.0,0.0,0.0,0.0,0.0,0.0,0.0,0.0,0.0,0.0,0.0,0.0,0.0,0.0,0.0,0.0,0.0,0.0,0.0,0.0,0.0,0.0,0.0,0.0,0.0,0.0,0.0,0.0,0.0,0.0,0.0,0.0,0.0,0.0,0.0,0.0,0.0,0.0,0.0,0.0,0.0,0.0,0.0,0.0,0.0,0.0,0.0,0.0,0.0,0.0,0.0,0.0,0.0,0.0,0.0,0.0,0.0,0.0,0.0,0.0,0.0,0.0,0.0,0.0,0.0,0.0,0.0,0.0,0.0,0.0,0.0,0.0,0.0,0.0,0.0,0.0,0.0,0.0,0.0,0.0,0.0,0.0,0.0,0.0,0.0,0.0,0.0,0.0,0.0,0.0,0.0,0.0,0.0,0.0,0.0,0.0,0.0,0.0,0.0,0.0,0.0,0.0,0.0,0.0,0.0,0.0,0.0,0.0,0.0,0.0,0.0,0.0,0.0,0.0,0.0,0.0,0.0,0.0,0.0,0.0,0.0,0.0,0.0,0.0,0.0,0.0,0.0,0.0,0.0,0.0,0.0,0.0,0.0,0.0,0.0,0.0,0.0,0.0,0.0,0.0,0.0,0.0,0.0,0.0,0.0,0.0,0.0,0.0,0.0,0.0,0.0,0.613,0.613,0.613,0.613,0.613,0.613,0.613,0.613,0.613,0.613,1.25,0.961,1.165,1.331,1.011,3.575,3.773,4.458,6.174,11.322,16.556,20.911,22.5,25.599,24.275,26.411,22.493,27.683,28.047,26.296,28.001,22.43,23.232,23.348,26.458
unspecified,historical,World,Emissions|HCFC22,kt HCFC22 / yr,unspecified,0.0,0.0,0.0,0.0,0.0,0.0,0.0,0.0,0.0,0.0,0.0,0.0,0.0,0.0,0.0,0.0,0.0,0.0,0.0,0.0,0.0,0.0,0.0,0.0,0.0,0.0,0.0,0.0,0.0,0.0,0.0,0.0,0.0,0.0,0.0,0.0,0.0,0.0,0.0,0.0,0.0,0.0,0.0,0.0,0.0,0.0,0.0,0.0,0.0,0.0,0.0,0.0,0.0,0.0,0.0,0.0,0.0,0.0,0.0,0.0,0.0,0.0,0.0,0.0,0.0,0.0,0.0,0.0,0.0,0.0,0.0,0.0,0.0,0.0,0.0,0.0,0.0,0.0,0.0,0.0,0.0,0.0,0.0,0.0,0.0,0.0,0.0,0.0,0.0,0.0,0.0,0.0,0.0,0.0,0.0,0.0,0.0,0.0,0.0,0.0,0.0,0.0,0.0,0.0,0.0,0.0,0.0,0.0,0.0,0.0,0.0,0.0,0.0,0.0,0.0,0.0,0.0,0.0,0.0,0.0,0.0,0.0,0.0,0.0,0.0,0.0,0.0,0.0,0.0,0.0,0.0,0.0,0.0,0.0,0.0,0.0,0.0,0.0,0.0,0.0,0.0,0.0,0.0,0.0,0.0,0.0,0.0,0.0,0.0,0.0,0.0,0.0,0.0,0.0,0.0,0.0,0.0,0.0,0.0,0.0,0.0,0.0,0.0,0.0,0.0,0.0,0.0,0.0,0.0,0.0,0.0,0.0,0.0,0.165,0.33,0.496,0.661,0.826,0.991,1.157,1.322,1.487,1.652,1.817,1.983,2.148,2.313,2.478,2.644,2.809,2.974,3.48,4.251,6.008,7.06,7.659,9.426,11.573,14.396,16.782,20.514,24.512,29.817,36.216,39.381,43.652,47.746,54.79,61.912,62.543,70.487,78.51,85.789,92.012,99.321,104.973,106.406,116.821,125.343,130.447,138.367,146.048,162.883,180.113,186.15,195.69,204.801,185.994,188.092,179.101,243.238,211.181,208.614,249.912,230.91,229.638,270.443,243.015,252.962,263.062,283.408
unspecified,historical,World,Emissions|HFC125,kt HFC125 / yr,unspecified,0.0,0.0,0.0,0.0,0.0,0.0,0.0,0.0,0.0,0.0,0.0,0.0,0.0,0.0,0.0,0.0,0.0,0.0,0.0,0.0,0.0,0.0,0.0,0.0,0.0,0.0,0.0,0.0,0.0,0.0,0.0,0.0,0.0,0.0,0.0,0.0,0.0,0.0,0.0,0.0,0.0,0.0,0.0,0.0,0.0,0.0,0.0,0.0,0.0,0.0,0.0,0.0,0.0,0.0,0.0,0.0,0.0,0.0,0.0,0.0,0.0,0.0,0.0,0.0,0.0,0.0,0.0,0.0,0.0,0.0,0.0,0.0,0.0,0.0,0.0,0.0,0.0,0.0,0.0,0.0,0.0,0.0,0.0,0.0,0.0,0.0,0.0,0.0,0.0,0.0,0.0,0.0,0.0,0.0,0.0,0.0,0.0,0.0,0.0,0.0,0.0,0.0,0.0,0.0,0.0,0.0,0.0,0.0,0.0,0.0,0.0,0.0,0.0,0.0,0.0,0.0,0.0,0.0,0.0,0.0,0.0,0.0,0.0,0.0,0.0,0.0,0.0,0.0,0.0,0.0,0.0,0.0,0.0,0.0,0.0,0.0,0.0,0.0,0.0,0.0,0.0,0.0,0.0,0.0,0.0,0.0,0.0,0.0,0.0,0.0,0.0,0.0,0.0,0.0,0.0,0.0,0.0,0.0,0.0,0.0,0.0,0.0,0.0,0.0,0.0,0.0,0.0,0.0,0.0,0.0,0.0,0.0,0.0,0.0,0.0,0.0,0.0,0.0,0.0,0.0,0.0,0.0,0.0,0.0,0.0,0.0,0.0,0.0,0.0,0.0,0.0,0.0,0.0,0.0,0.0,0.0,0.0,0.0,0.0,0.0,0.0,0.0,0.0,0.0,0.0,0.05544628,0.057318506,0.059192895,0.061069449000000005,0.062948171,0.064829061,0.066712124,0.068597361,0.070484772,0.072374362,0.018814426999999998,0.066288365,0.07359413299999999,0.073496743,0.018263078000000002,-0.080681159,0.075292049,0.17780496,0.18118326,0.18829422,0.18594167,0.19092079,0.28889991,0.3768163,1.8251047999999999,2.9802177000000003,3.4188812000000004,5.354049,7.2031812,8.1531677,8.5381,9.0301,9.8852,12.0788,12.5073,13.7591
unspecified,historical,World,Emissions|HFC134a,kt HFC134a / yr,unspecified,0.0,0.0,0.0,0.0,0.0,0.0,0.0,0.0,0.0,0.0,0.0,0.0,0.0,0.0,0.0,0.0,0.0,0.0,0.0,0.0,0.0,0.0,0.0,0.0,0.0,0.0,0.0,0.0,0.0,0.0,0.0,0.0,0.0,0.0,0.0,0.0,0.0,0.0,0.0,0.0,0.0,0.0,0.0,0.0,0.0,0.0,0.0,0.0,0.0,0.0,0.0,0.0,0.0,0.0,0.0,0.0,0.0,0.0,0.0,0.0,0.0,0.0,0.0,0.0,0.0,0.0,0.0,0.0,0.0,0.0,0.0,0.0,0.0,0.0,0.0,0.0,0.0,0.0,0.0,0.0,0.0,0.0,0.0,0.0,0.0,0.0,0.0,0.0,0.0,0.0,0.0,0.0,0.0,0.0,0.0,0.0,0.0,0.0,0.0,0.0,0.0,0.0,0.0,0.0,0.0,0.0,0.0,0.0,0.0,0.0,0.0,0.0,0.0,0.0,0.0,0.0,0.0,0.0,0.0,0.0,0.0,0.0,0.0,0.0,0.0,0.0,0.0,0.0,0.0,0.0,0.0,0.0,0.0,0.0,0.0,0.0,0.0,0.0,0.0,0.0,0.0,0.0,0.0,0.0,0.0,0.0,0.0,0.0,0.0,0.0,0.0,0.0,0.0,0.0,0.0,0.0,0.0,0.0,0.0,0.0,0.0,0.0,0.0,0.0,0.0,0.0,0.0,0.0,0.0,0.0,0.0,0.0,0.0,0.0,0.0,0.0,0.0,0.0,0.0,0.0,0.0,0.0,0.0,0.0,0.0,0.0,0.0,0.0,0.0,0.0,0.0,0.0,0.0,0.0,0.0,0.0,0.0,0.0,0.0,0.0,0.0,0.0,0.0,0.0,0.0,0.0,0.0,0.0,0.0,0.0,0.0,0.0,0.0,0.0,0.0,0.0,0.0,0.0,0.0,0.0,0.0,0.0,0.0,0.0,0.94505787,1.0101542,2.1776447999999995,4.2079892,8.4161579,21.399077,29.726101,40.584859,50.643567,59.652126,67.04399699999999,75.0393,84.0409,94.7161,101.4157,113.9297,120.9334
unspecified,historical,World,Emissions|HFC143a,kt HFC143a / yr,unspecified,0.0,0.0,0.0,0.0,0.0,0.0,0.0,0.0,0.0,0.0,0.0,0.0,0.0,0.0,0.0,0.0,0.0,0.0,0.0,0.0,0.0,0.0,0.0,0.0,0.0,0.0,0.0,0.0,0.0,0.0,0.0,0.0,0.0,0.0,0.0,0.0,0.0,0.0,0.0,0.0,0.0,0.0,0.0,0.0,0.0,0.0,0.0,0.0,0.0,0.0,0.0,0.0,0.0,0.0,0.0,0.0,0.0,0.0,0.0,0.0,0.0,0.0,0.0,0.0,0.0,0.0,0.0,0.0,0.0,0.0,0.0,0.0,0.0,0.0,0.0,0.0,0.0,0.0,0.0,0.0,0.0,0.0,0.0,0.0,0.0,0.0,0.0,0.0,0.0,0.0,0.0,0.0,0.0,0.0,0.0,0.0,0.0,0.0,0.0,0.0,0.0,0.0,0.0,0.0,0.0,0.0,0.0,0.0,0.0,0.0,0.0,0.0,0.0,0.0,0.0,0.0,0.0,0.0,0.0,0.0,0.0,0.0,0.0,0.0,0.0,0.0,0.0,0.0,0.0,0.0,0.0,0.0,0.0,0.0,0.0,0.0,0.0,0.0,0.0,0.0,0.0,0.0,0.0,0.0,0.0,0.0,0.0,0.0,0.0,0.0,0.0,0.0,0.0,0.0,0.0,0.0,0.0,0.0,0.0,0.0,0.0,0.0,0.0,0.0,0.0,0.0,0.0,0.0,0.0,0.0,0.0,0.0,0.0,0.0,0.0,0.0,0.0,0.0,0.0,0.0,0.0,0.0,0.0,0.0,0.0,0.0,0.0,0.0,0.0,0.0,0.0,0.0,0.0,0.0,0.0,0.0,0.0,0.0,0.0,0.0,0.0,0.0,0.0,0.0,0.0,0.35640391,0.36316592,0.36993573,0.37671337,0.38349883,0.39029213,0.39709328,0.40390227,0.05429956,0.054330947000000004,0.76720931,0.78079292,0.081528294,0.79436576,0.80794309,0.10867413,0.82150728,1.5479208999999998,0.86222749,0.87579234,0.88920979,0.90261206,1.6286536,2.3685965,3.8347584,6.0409628,6.149987599999999,6.2587493,6.3676829,6.477524900000001,6.234,7.4947,8.7389,9.9776,11.2136,12.4483
unspecified,historical,World,Emissions|HFC227ea,kt HFC227ea / yr,unspecified,0.0,0.0,0.0,0.0,0.0,0.0,0.0,0.0,0.0,0.0,0.0,0.0,0.0,0.0,0.0,0.0,0.0,0.0,0.0,0.0,0.0,0.0,0.0,0.0,0.0,0.0,0.0,0.0,0.0,0.0,0.0,0.0,0.0,0.0,0.0,0.0,0.0,0.0,0.0,0.0,0.0,0.0,0.0,0.0,0.0,0.0,0.0,0.0,0.0,0.0,0.0,0.0,0.0,0.0,0.0,0.0,0.0,0.0,0.0,0.0,0.0,0.0,0.0,0.0,0.0,0.0,0.0,0.0,0.0,0.0,0.0,0.0,0.0,0.0,0.0,0.0,0.0,0.0,0.0,0.0,0.0,0.0,0.0,0.0,0.0,0.0,0.0,0.0,0.0,0.0,0.0,0.0,0.0,0.0,0.0,0.0,0.0,0.0,0.0,0.0,0.0,0.0,0.0,0.0,0.0,0.0,0.0,0.0,0.0,0.0,0.0,0.0,0.0,0.0,0.0,0.0,0.0,0.0,0.0,0.0,0.0,0.0,0.0,0.0,0.0,0.0,0.0,0.0,0.0,0.0,0.0,0.0,0.0,0.0,0.0,0.0,0.0,0.0,0.0,0.0,0.0,0.0,0.0,0.0,0.0,0.0,0.0,0.0,0.0,0.0,0.0,0.0,0.0,0.0,0.0,0.0,0.0,0.0,0.0,0.0,0.0,0.0,0.0,0.0,0.0,0.0,0.0,0.0,0.0,0.0,0.0,0.0,0.0,0.0,0.0,0.0,0.0,0.0,0.0,0.0,0.0,0.0,0.0,0.0,0.0,0.0,0.0,0.0,0.0,0.0,0.0,0.0,0.0,0.0,0.0,0.0,0.0,0.0,0.0,0.0,0.0,0.0,0.0,0.0,0.0,0.0,0.0,0.0,0.0,0.0,0.0,0.0,0.0,0.0,0.0,0.0,0.0,0.0,0.0,0.0,0.0,0.0,0.0,0.0,0.0,0.0,0.0047100239000000006,0.004710028,0.18499007,0.1819901,0.099994794,0.43697783,0.40797848,0.92795208,1.3539299999999999,1.9509,1.6449,2.508,3.341,4.269,4.8901
unspecified,historical,World,Emissions|HFC23,kt HFC23 / yr,unspecified,0.0,0.0,0.0,0.0,0.0,0.0,0.0,0.0,0.0,0.0,0.0,0.0,0.0,0.0,0.0,0.0,0.0,0.0,0.0,0.0,0.0,0.0,0.0,0.0,0.0,0.0,0.0,0.0,0.0,0.0,0.0,0.0,0.0,0.0,0.0,0.0,0.0,0.0,0.0,0.0,0.0,0.0,0.0,0.0,0.0,0.0,0.0,0.0,0.0,0.0,0.0,0.0,0.0,0.0,0.0,0.0,0.0,0.0,0.0,0.0,0.0,0.0,0.0,0.0,0.0,0.0,0.0,0.0,0.0,0.0,0.0,0.0,0.0,0.0,0.0,0.0,0.0,0.0,0.0,0.0,0.0,0.0,0.0,0.0,0.0,0.0,0.0,0.0,0.0,0.0,0.0,0.0,0.0,0.0,0.0,0.0,0.0,0.0,0.0,0.0,0.0,0.0,0.0,0.0,0.0,0.0,0.0,0.0,0.0,0.0,0.0,0.0,0.0,0.0,0.0,0.0,0.0,0.0,0.0,0.0,0.0,0.0,0.0,0.0,0.0,0.0,0.0,0.0,0.0,0.0,0.0,0.0,0.0,0.0,0.0,0.0,0.0,0.0,0.0,0.0,0.0,0.0,0.0,0.0,0.0,0.0,0.0,0.0,0.0,0.0,0.0,0.0,0.0,0.0,0.0,0.0,0.0,0.0,0.0,0.0,0.0,0.0,0.0,0.0,0.0,0.74681988,0.067690547,0.073576745,0.07997479099999999,0.08692919699999999,0.09448834,0.10270482,0.11163575,0.12134333,0.13189502,0.14336429,0.15583315,0.16938647,0.18411857,0.20013198,0.21753811,0.23645812,0.25702368,0.27937786,0.30367628,0.33008802,0.35878218,0.38997068,0.42387036,0.4607169,0.5007665,0.54429755,0.5916127,0.64304094,0.69893975,0.75969781,0.82576341,0.8975743,0.97563006,1.0604738,1.1526958,1.2529377,1.361897,1.4803316999999998,1.6090657,1.7489948,1.901128,2.066494,2.2462442000000005,2.4416297,2.6540105,2.8848647,3.5660803999999997,3.7964008000000002,4.0275411,4.2595023,4.4921574,4.7256142,4.959872900000001,5.1949332,5.4307947,5.6674573,5.9049208,6.1431847,6.3822491999999995,6.621823299999999,6.8621776,7.102985,7.3453102,7.588207000000001,10.211528,10.248182,10.284399,10.320704,10.357655000000001,10.3949,10.4328,10.4708,10.5083,10.5454,10.8116
unspecified,historical,World,Emissions|HFC245fa,kt HFC245fa / yr,unspecified,0.0,0.0,0.0,0.0,0.0,0.0,0.0,0.0,0.0,0.0,0.0,0.0,0.0,0.0,0.0,0.0,0.0,0.0,0.0,0.0,0.0,0.0,0.0,0.0,0.0,0.0,0.0,0.0,0.0,0.0,0.0,0.0,0.0,0.0,0.0,0.0,0.0,0.0,0.0,0.0,0.0,0.0,0.0,0.0,0.0,0.0,0.0,0.0,0.0,0.0,0.0,0.0,0.0,0.0,0.0,0.0,0.0,0.0,0.0,0.0,0.0,0.0,0.0,0.0,0.0,0.0,0.0,0.0,0.0,0.0,0.0,0.0,0.0,0.0,0.0,0.0,0.0,0.0,0.0,0.0,0.0,0.0,0.0,0.0,0.0,0.0,0.0,0.0,0.0,0.0,0.0,0.0,0.0,0.0,0.0,0.0,0.0,0.0,0.0,0.0,0.0,0.0,0.0,0.0,0.0,0.0,0.0,0.0,0.0,0.0,0.0,0.0,0.0,0.0,0.0,0.0,0.0,0.0,0.0,0.0,0.0,0.0,0.0,0.0,0.0,0.0,0.0,0.0,0.0,0.0,0.0,0.0,0.0,0.0,0.0,0.0,0.0,0.0,0.0,0.0,0.0,0.0,0.0,0.0,0.0,0.0,0.0,0.0,0.0,0.0,0.0,0.0,0.0,0.0,0.0,0.0,0.0,0.0,0.0,0.0,0.0,0.0,0.0,0.0,0.0,0.0,0.0,0.0,0.0,0.0,0.0,0.0,0.0,0.0,0.0,0.0,0.0,0.0,0.0,0.0,0.0,0.0,0.0,0.0,0.0,0.0,0.0,0.0,0.0,0.0,0.0,0.0,0.0,0.0,0.0,0.0,0.0,0.0,0.0,0.0,0.0,0.0,0.0,0.0,0.0,0.0,0.0,0.0,0.0,0.0,0.0,0.0,0.0,0.0,0.0,0.0,0.0,0.0,0.0,0.0,0.0,0.0,0.0,0.0,0.0,0.0,0.0,0.0,0.0,0.0,0.0,0.0,0.0,0.0,0.0,17.9257,19.7183,21.5109,23.3035,25.096,26.8885
unspecified,historical,World,Emissions|HFC32,kt HFC32 / yr,unspecified,0.0,0.0,0.0,0.0,0.0,0.0,0.0,0.0,0.0,0.0,0.0,0.0,0.0,0.0,0.0,0.0,0.0,0.0,0.0,0.0,0.0,0.0,0.0,0.0,0.0,0.0,0.0,0.0,0.0,0.0,0.0,0.0,0.0,0.0,0.0,0.0,0.0,0.0,0.0,0.0,0.0,0.0,0.0,0.0,0.0,0.0,0.0,0.0,0.0,0.0,0.0,0.0,0.0,0.0,0.0,0.0,0.0,0.0,0.0,0.0,0.0,0.0,0.0,0.0,0.0,0.0,0.0,0.0,0.0,0.0,0.0,0.0,0.0,0.0,0.0,0.0,0.0,0.0,0.0,0.0,0.0,0.0,0.0,0.0,0.0,0.0,0.0,0.0,0.0,0.0,0.0,0.0,0.0,0.0,0.0,0.0,0.0,0.0,0.0,0.0,0.0,0.0,0.0,0.0,0.0,0.0,0.0,0.0,0.0,0.0,0.0,0.0,0.0,0.0,0.0,0.0,0.0,0.0,0.0,0.0,0.0,0.0,0.0,0.0,0.0,0.0,0.0,0.0,0.0,0.0,0.0,0.0,0.0,0.0,0.0,0.0,0.0,0.0,0.0,0.0,0.0,0.0,0.0,0.0,0.0,0.0,0.0,0.0,0.0,0.0,0.0,0.0,0.0,0.0,0.0,0.0,0.0,0.0,0.0,0.0,0.0,0.0,0.0,0.0,0.0,0.0,0.0,0.0,0.0,0.0,0.0,0.0,0.0,0.0,0.0,0.0,0.0,0.0,0.0,0.0,0.0,0.0,0.0,0.0,0.0,0.0,0.0,0.0,0.0,0.0,0.0,0.0,0.0,0.0,0.0,0.0,0.0,0.0,0.0,0.0,0.0,0.0,0.0,0.0,0.0,0.0,0.0,0.0,0.0,0.0,0.0,0.0,0.0,0.0,0.0,0.0,0.0,0.0,0.0,0.0,0.0,0.0,0.0,0.0,0.0,0.0,0.0,0.0,0.0,0.0,0.0,0.0,0.0,0.087305408,0.78573737,4.0,5.3987,6.7975,8.196,9.5947,10.9935
unspecified,historical,World,Emissions|HFC4310,kt HFC4310 / yr,unspecified,0.0,0.0,0.0,0.0,0.0,0.0,0.0,0.0,0.0,0.0,0.0,0.0,0.0,0.0,0.0,0.0,0.0,0.0,0.0,0.0,0.0,0.0,0.0,0.0,0.0,0.0,0.0,0.0,0.0,0.0,0.0,0.0,0.0,0.0,0.0,0.0,0.0,0.0,0.0,0.0,0.0,0.0,0.0,0.0,0.0,0.0,0.0,0.0,0.0,0.0,0.0,0.0,0.0,0.0,0.0,0.0,0.0,0.0,0.0,0.0,0.0,0.0,0.0,0.0,0.0,0.0,0.0,0.0,0.0,0.0,0.0,0.0,0.0,0.0,0.0,0.0,0.0,0.0,0.0,0.0,0.0,0.0,0.0,0.0,0.0,0.0,0.0,0.0,0.0,0.0,0.0,0.0,0.0,0.0,0.0,0.0,0.0,0.0,0.0,0.0,0.0,0.0,0.0,0.0,0.0,0.0,0.0,0.0,0.0,0.0,0.0,0.0,0.0,0.0,0.0,0.0,0.0,0.0,0.0,0.0,0.0,0.0,0.0,0.0,0.0,0.0,0.0,0.0,0.0,0.0,0.0,0.0,0.0,0.0,0.0,0.0,0.0,0.0,0.0,0.0,0.0,0.0,0.0,0.0,0.0,0.0,0.0,0.0,0.0,0.0,0.0,0.0,0.0,0.0,0.0,0.0,0.0,0.0,0.0,0.0,0.0,0.0,0.0,0.0,0.0,0.0,0.0,0.0,0.0,0.0,0.0,0.0,0.0,0.0,0.0,0.0,0.0,0.0,0.0,0.0,0.0,0.0,0.0,0.0,0.0,0.0,0.0,0.0,0.0,0.0,0.0,0.0,0.0,0.0,0.0,0.0,0.0,0.0,0.0,0.0,0.0,0.0,0.0,0.0,0.0,0.0,0.0,0.0,0.0,0.0,0.0,0.0,0.0,0.0,0.0,0.0,0.0,0.0,0.0,0.0,0.0,0.0,0.0,0.0,0.0,0.0,0.0,0.0,0.0,0.0,0.0,0.0,0.0,0.0,0.0,0.0,0.6471,1.294,1.9411,2.5882,3.2351
unspecified,historical,World,Emissions|Halon1202,kt Halon1202 / yr,unspecified,0.0,0.0,0.0,0.0,0.0,0.0,0.0,0.0,0.0,0.0,0.0,0.0,0.0,0.0,0.0,0.0,0.0,0.0,0.0,0.0,0.0,0.0,0.0,0.0,0.0,0.0,0.0,0.0,0.0,0.0,0.0,0.0,0.0,0.0,0.0,0.0,0.0,0.0,0.0,0.0,0.0,0.0,0.0,0.0,0.0,0.0,0.0,0.0,0.0,0.0,0.0,0.0,0.0,0.0,0.0,0.0,0.0,0.0,0.0,0.0,0.0,0.0,0.0,0.0,0.0,0.0,0.0,0.0,0.0,0.0,0.0,0.0,0.0,0.0,0.0,0.0,0.0,0.0,0.0,0.0,0.0,0.0,0.0,0.0,0.0,0.0,0.0,0.0,0.0,0.0,0.0,0.0,0.0,0.0,0.0,0.0,0.0,0.0,0.0,0.0,0.0,0.0,0.0,0.0,0.0,0.0,0.0,0.0,0.0,0.0,0.0,0.0,0.0,0.0,0.0,0.0,0.0,0.0,0.0,0.0,0.0,0.0,0.0,0.0,0.0,0.0,0.0,0.0,0.0,0.0,0.0,0.0,0.0,0.0,0.0,0.0,0.0,0.0,0.0,0.0,0.0,0.0,0.0,0.0,0.0,0.0,0.0,0.0,0.0,0.0,0.0,0.0,0.0,0.0,0.0,0.0,0.0,0.0,0.0,0.0,0.0,0.0,0.0,0.0,0.0,0.0,0.0,0.0,0.0,0.0,0.0,0.0,0.0,0.0,0.0,0.0,0.0,0.0,0.0,0.0,0.0,0.0,0.0,0.0,0.0,0.0,0.0,0.0,0.0,0.0,0.0,0.0,0.0,0.0,0.0,0.0,0.0,0.0,0.001,0.002,0.005,0.008,0.013,0.019,0.026,0.035,0.044,0.055,0.067,0.08,0.095,0.11,0.127,0.145,0.161,0.185,0.206,0.229,0.249,0.269,0.289,0.309,0.329,0.349,0.369,0.389,0.409,0.429,0.509,0.589,0.669,0.729,0.789,0.607,0.467,0.328,0.282,0.235,0.189,0.189,0.189
unspecified,historical,World,Emissions|Halon1211,kt Halon1211 / yr,unspecified,0.0,0.0,0.0,0.0,0.0,0.0,0.0,0.0,0.0,0.0,0.0,0.0,0.0,0.0,0.0,0.0,0.0,0.0,0.0,0.0,0.0,0.0,0.0,0.0,0.0,0.0,0.0,0.0,0.0,0.0,0.0,0.0,0.0,0.0,0.0,0.0,0.0,0.0,0.0,0.0,0.0,0.0,0.0,0.0,0.0,0.0,0.0,0.0,0.0,0.0,0.0,0.0,0.0,0.0,0.0,0.0,0.0,0.0,0.0,0.0,0.0,0.0,0.0,0.0,0.0,0.0,0.0,0.0,0.0,0.0,0.0,0.0,0.0,0.0,0.0,0.0,0.0,0.0,0.0,0.0,0.0,0.0,0.0,0.0,0.0,0.0,0.0,0.0,0.0,0.0,0.0,0.0,0.0,0.0,0.0,0.0,0.0,0.0,0.0,0.0,0.0,0.0,0.0,0.0,0.0,0.0,0.0,0.0,0.0,0.0,0.0,0.0,0.0,0.0,0.0,0.0,0.0,0.0,0.0,0.0,0.0,0.0,0.0,0.0,0.0,0.0,0.0,0.0,0.0,0.0,0.0,0.0,0.0,0.0,0.0,0.0,0.0,0.0,0.0,0.0,0.0,0.0,0.0,0.0,0.0,0.0,0.0,0.0,0.0,0.0,0.0,0.0,0.0,0.0,0.0,0.0,0.0,0.0,0.0,0.0,0.0,0.0,0.0,0.0,0.0,0.0,0.0,0.0,0.0,0.0,0.0,0.0,0.0,0.0,0.0,0.0,0.0,0.0,0.0,0.0,0.0,0.0,0.0,0.0,0.0,0.0,0.0,0.0,0.0,0.0,0.0,0.0,0.0,0.0,0.0,0.0,0.0,0.0,0.005,0.014,0.032,0.058,0.1,0.158,0.229,0.329,0.461,0.63,0.839,1.086,1.365,1.767,2.035,2.454,2.928,3.453,3.946,4.522,5.168,6.032,7.083,8.22,9.656,11.362,11.605,11.702,11.426,9.343,10.23,9.105,10.035,10.743,9.909,9.837,9.806,8.834,8.669,8.524,7.77,7.653,7.518
unspecified,historical,World,Emissions|Halon1301,kt Halon1301 / yr,unspecified,0.0,0.0,0.0,0.0,0.0,0.0,0.0,0.0,0.0,0.0,0.0,0.0,0.0,0.0,0.0,0.0,0.0,0.0,0.0,0.0,0.0,0.0,0.0,0.0,0.0,0.0,0.0,0.0,0.0,0.0,0.0,0.0,0.0,0.0,0.0,0.0,0.0,0.0,0.0,0.0,0.0,0.0,0.0,0.0,0.0,0.0,0.0,0.0,0.0,0.0,0.0,0.0,0.0,0.0,0.0,0.0,0.0,0.0,0.0,0.0,0.0,0.0,0.0,0.0,0.0,0.0,0.0,0.0,0.0,0.0,0.0,0.0,0.0,0.0,0.0,0.0,0.0,0.0,0.0,0.0,0.0,0.0,0.0,0.0,0.0,0.0,0.0,0.0,0.0,0.0,0.0,0.0,0.0,0.0,0.0,0.0,0.0,0.0,0.0,0.0,0.0,0.0,0.0,0.0,0.0,0.0,0.0,0.0,0.0,0.0,0.0,0.0,0.0,0.0,0.0,0.0,0.0,0.0,0.0,0.0,0.0,0.0,0.0,0.0,0.0,0.0,0.0,0.0,0.0,0.0,0.0,0.0,0.0,0.0,0.0,0.0,0.0,0.0,0.0,0.0,0.0,0.0,0.0,0.0,0.0,0.0,0.0,0.0,0.0,0.0,0.0,0.0,0.0,0.0,0.0,0.0,0.0,0.0,0.0,0.0,0.0,0.0,0.0,0.0,0.0,0.0,0.0,0.0,0.0,0.0,0.0,0.0,0.0,0.0,0.0,0.0,0.0,0.0,0.0,0.0,0.0,0.0,0.0,0.0,0.0,0.0,0.0,0.0,0.0,0.0,0.0,0.0,0.0,0.0,0.0,0.0,0.0,0.0,0.001,0.003,0.005,0.008,0.013,0.016,0.024,0.043,0.1,0.17,0.277,0.372,0.524,0.783,1.006,1.253,1.548,1.805,2.139,2.645,2.98,3.475,3.997,4.579,5.109,5.696,5.482,5.119,4.094,2.74,3.344,4.75,3.991,2.691,2.594,2.491,2.39,2.295,2.209,2.131,2.057,1.987,1.92
unspecified,historical,World,Emissions|Halon2402,kt Halon2402 / yr,unspecified,0.0,0.0,0.0,0.0,0.0,0.0,0.0,0.0,0.0,0.0,0.0,0.0,0.0,0.0,0.0,0.0,0.0,0.0,0.0,0.0,0.0,0.0,0.0,0.0,0.0,0.0,0.0,0.0,0.0,0.0,0.0,0.0,0.0,0.0,0.0,0.0,0.0,0.0,0.0,0.0,0.0,0.0,0.0,0.0,0.0,0.0,0.0,0.0,0.0,0.0,0.0,0.0,0.0,0.0,0.0,0.0,0.0,0.0,0.0,0.0,0.0,0.0,0.0,0.0,0.0,0.0,0.0,0.0,0.0,0.0,0.0,0.0,0.0,0.0,0.0,0.0,0.0,0.0,0.0,0.0,0.0,0.0,0.0,0.0,0.0,0.0,0.0,0.0,0.0,0.0,0.0,0.0,0.0,0.0,0.0,0.0,0.0,0.0,0.0,0.0,0.0,0.0,0.0,0.0,0.0,0.0,0.0,0.0,0.0,0.0,0.0,0.0,0.0,0.0,0.0,0.0,0.0,0.0,0.0,0.0,0.0,0.0,0.0,0.0,0.0,0.0,0.0,0.0,0.0,0.0,0.0,0.0,0.0,0.0,0.0,0.0,0.0,0.0,0.0,0.0,0.0,0.0,0.0,0.0,0.0,0.0,0.0,0.0,0.0,0.0,0.0,0.0,0.0,0.0,0.0,0.0,0.0,0.0,0.0,0.0,0.0,0.0,0.0,0.0,0.0,0.0,0.0,0.0,0.0,0.0,0.0,0.0,0.0,0.0,0.0,0.0,0.0,0.0,0.0,0.0,0.0,0.0,0.0,0.0,0.0,0.0,0.0,0.0,0.0,0.0,0.0,0.0,0.0,0.0,0.0,0.0,0.0,0.0,0.007,0.014,0.028,0.048,0.075,0.109,0.15,0.197,0.252,0.313,0.391,0.468,0.544,0.621,0.697,0.774,0.85,0.927,1.003,1.105,1.183,1.262,1.355,1.434,1.504,1.728,1.73,1.73,1.735,1.715,1.7,1.68,1.3,0.85,0.7,0.71,0.631,0.562,0.5,0.445,0.396,0.353,0.314
unspecified,historical,World,Emissions|N2O,Mt N2ON / yr,unspecified,0.0,0.0051910845,0.010116813,0.015042803,0.019969063000000002,0.024895601,0.029822427000000002,0.034749548,0.039676975,0.044604715,0.04953278,0.05446118,0.059389923,0.064319022,0.069248487,0.07417833,0.07910856200000001,0.084039195,0.08897024099999999,0.093901714,0.098833627,0.10376599,0.10869883,0.11363214,0.11856595,0.12350027,0.12843512,0.13337052,0.13830648,0.14324301,0.14818014,0.15311788,0.15805626,0.16299529,0.167935,0.1728754,0.17781651,0.18275836,0.18770098,0.19264437,0.19758858,0.20253362,0.20747952,0.2124263,0.217374,0.22232264,0.22727225,0.23222285,0.2371745,0.2421272,0.247081,0.25203593,0.25699203,0.26194932,0.26690786,0.27186767,0.2768288,0.28179128,0.28675516,0.29172049,0.2966873,0.30165564,0.30662557,0.31159712,0.31657035,0.32154532,0.32652206,0.33150065,0.33648114,0.34146358,0.34644803,0.35143456,0.35642324,0.36141413,0.36640729,0.3714028,0.37640073,0.38140115,0.38640415,0.3914098,0.39641818,0.40142938,0.40644349,0.41146059,0.41648078,0.42150415,0.42740096,0.46466062,0.46477417,0.46443647,0.46327909,0.46729312,0.47126447,0.47503119,0.47876627,0.48257672,0.50499476,0.47111281,0.47444935,0.47785801,0.48144966,0.48420454,0.48472337,0.48595323,0.48686155,0.48774355,0.58501628,0.66673981,0.69637076,0.7087503,0.72034342,0.74524338,0.75633197,0.7660459,0.77491118,0.78412129,0.81157848,0.78526034,0.79255607,0.7987505,0.80453383,0.82619361,0.83219647,0.83705812,0.84143987,0.84552548,0.85098169,0.85741997,0.86475824,0.87294487,0.88188195,0.89141802,0.90140157,0.91168111,0.92210515,0.9325222,0.9446669,0.95993065,0.97764708,0.99722904,1.0181293,1.0397413,1.0614586000000001,1.0826746,1.1027829,1.121177,1.1389722,1.1575596000000001,1.1767464,1.1962611,1.2158443,1.2353216999999999,1.2545190000000002,1.2732618,1.2913758999999998,1.3086868999999999,1.3257923999999999,1.343275,1.3609385,1.3796194,1.3998973999999997,1.4211909,1.4429184,1.4644982,1.4853488000000001,1.5048887,1.5226236000000002,1.5385171999999998,1.5526746,1.5653127,1.5771213,1.5889151000000001,1.6015088,1.615717,1.6323545,1.6522358,1.7002043999999998,1.7938613,1.9231581999999998,2.0866797,2.280402,2.4903635,2.7026031,2.9031595,3.0780722000000003,3.2133814999999997,3.3186021,3.4111061,3.4887221,3.5543489,3.614111,3.6706801,3.7267318,3.7849451000000003,3.8480013,3.9185827000000004,4.0240052,4.1836477,4.3883117,4.6374693,4.8968181,5.195583,5.457478,5.619744,5.784831,5.9368752,5.6049759,5.9181309,6.0449043,5.9406002,6.1409693,6.3042587999999995,6.5344050000000005,6.619372900000001,7.007772999999999,7.0613923,6.841752199999999,7.118985799999999,7.216897099999999,7.0481314,7.0169243,7.0704917,7.4616728000000005,7.202507700000001,7.3310397,7.585681200000001,7.4023631,7.798932300000001,7.3131034,7.5072841,7.6191035000000005,7.652063799999999,7.9097526,7.895726299999999,7.5269849,7.4566,7.503,7.5487,7.5942,7.6394,7.6841
unspecified,historical,World,Emissions|NH3,Mt N / yr,unspecified,0.83383669,0.85423057,0.87416738,0.89365446,0.91269911,0.93130867,0.95253247,0.97029378,0.98764194,1.0045843,1.0211280999999999,1.0372808,1.0530496,1.0684418,1.0834648,1.0981258999999999,1.1154743999999999,1.1294336999999999,1.143053,1.1563396000000001,1.169301,1.1819444,1.194277,1.2063064,1.2180396999999998,1.2294843,1.2436895000000001,1.2545786,1.265201,1.2755638999999999,1.2856747,1.2955406999999999,1.3082113000000002,1.3176096000000002,1.3267852,1.3387871999999998,1.347539,1.362174,1.3674893999999997,1.3756605,1.3836527,1.3945153000000001,1.4021716,1.409671,1.4170207000000001,1.424228,1.4343424,1.4412871,1.4481114,1.4548226999999998,1.4644703000000001,1.4740194,1.4834775,1.4898097,1.4960655,1.5022521999999998,1.5083771000000001,1.5174895,1.5265547,1.532538,1.5415308,1.5474564,1.5564061000000002,1.5623033000000002,1.5681971000000001,1.5923472,1.5952145,1.6011425,1.6101385,1.6161259,1.6251958999999998,1.6434400000000002,1.6495713,1.6588072,1.6681131,1.6805381999999998,1.6900058999999998,1.7026076,1.7122664,1.7250737,1.7440790000000002,1.7510373,1.7672503000000002,1.7775148999999997,1.7940068,1.8136911,1.8469194,1.9946876,2.0008114,2.0303036,2.0325148,2.0617636999999998,2.0784529999999997,2.0943023999999997,2.1229709999999997,2.1619782,2.2735927000000005,2.1558166,2.192329,2.2299438,2.2655309,2.2871957999999997,2.3187563,2.3371841,2.3628056,2.3824052000000004,2.8606677000000005,3.2401697,3.4033641,3.4271557,3.5173084,3.6375502999999996,3.6958464999999996,3.7456525999999997,3.8304098,3.9520182999999998,4.071307,4.0198711000000005,4.0985326,4.1333435,4.1646148,4.2758916,4.353178,4.4748698,4.498422,4.603701099999999,4.6830725,4.755163700000001,4.8217408,4.884570200000001,4.9454180999999995,5.006050900000001,5.0682347000000005,5.1337359000000005,5.2043208,5.2817555,5.3685634,5.4646652,5.5679233,5.6762002,5.7873584000000005,5.8992603,6.0097685,6.1167454,6.2180534000000005,6.3115552,6.3975596,6.4786614,6.556151799999999,6.6313219,6.7054629,6.7798659,6.855822200000001,6.9346228000000005,7.017558900000001,7.1059216,7.20195,7.3058290999999995,7.415769,7.5299799,7.646671899999999,7.7640552,7.8803399,7.993736099999999,8.102454,8.2047038,8.298548,8.3849848,8.466628300000002,8.546092199999999,8.6259906,8.7089373,8.7975462,8.8944313,9.0022064,9.1234856,9.265386099999999,9.432117300000002,9.6219311,9.833079199999998,10.063814,10.312386,10.577048,10.856052,11.14765,11.450092999999999,11.784634,12.1691,12.596604,13.060259,13.553179,14.068475,14.599262,15.138651999999999,15.679757999999998,16.215694,16.759267,17.326045999999998,17.913289000000002,18.518251,19.138189,19.770360999999998,20.412021,21.060427,21.712835000000002,22.366503,23.042459,23.75562,24.494072,25.2459,25.999188,26.742024,27.462491999999997,28.148677000000003,28.788664,29.370540000000002,29.931853000000004,30.508392999999998,31.085608,31.648945,32.183851000000004,32.675774,33.110161,33.472458,33.748114,33.922575,34.026024,34.113528,34.207861,34.331799,34.508115000000004,34.960533,35.833672,37.03165,38.458587,40.0186,40.3916,40.7646,41.1378,41.5107,41.8837
unspecified,historical,World,Emissions|NMVOC,Mt NMVOC / yr,unspecified,0.0,1.5968746999999999,2.2923164000000003,2.9886478,3.6858966,4.3840909,5.0832602,5.7834346,6.484645099999999,7.1869238,7.8903037,8.5948188,9.300504400000001,10.007397000000001,10.715533,11.424951,12.135692,12.847795,13.561303,14.27626,14.992710999999998,15.710701,16.430278,17.151491,17.874391,18.59903,19.325461999999998,20.053742,20.783927,21.516077,22.250252,22.986514,23.724929,24.465563,25.208484,25.953763000000002,26.701472999999996,27.451690000000003,28.204490999999997,28.959954999999997,29.718165000000003,30.479207000000002,31.243167,32.010135999999996,32.780207,33.553476,34.330042,35.110006,35.893474,36.680555,37.471359,38.266003000000005,39.064605,39.867286,40.674175,41.485399,42.301095000000004,43.121399,43.946455,44.77641,45.611414,46.451625,47.297202,48.148313,49.005128000000006,49.867824,50.736582,51.611591,52.49304300000001,53.381137,54.27608000000001,55.178081999999996,56.087363,57.004146999999996,57.928667000000004,58.861160999999996,59.801876,60.751067000000006,61.708996,62.675931999999996,63.652156000000005,64.637952,65.633619,66.639461,67.655792,68.68293800000001,68.727765,68.772592,68.817418,68.862245,68.907072,68.951899,68.996726,69.04155300000001,69.08638,69.131206,69.269044,69.406881,69.544719,69.682556,69.82039300000001,69.95823100000001,70.096068,70.23390500000001,70.37174300000001,70.50958,70.65333100000001,70.79708199999999,70.940834,71.084585,71.228336,71.372087,71.515838,71.659589,71.80334,71.947091,72.099835,72.252579,72.405323,72.55806700000001,72.71081099999999,72.863555,73.016299,73.169043,73.321787,73.474531,73.700338,73.92614499999999,74.151953,74.37776,74.603567,74.829374,75.055181,75.280989,75.506796,75.732603,75.920477,76.108351,76.296224,76.484098,76.671972,76.85984599999999,77.04772,77.23559300000001,77.423467,77.61134100000001,77.272725,76.93410899999999,76.59549200000001,76.256876,75.91826,75.57964399999999,75.241028,74.902412,74.563795,74.225179,74.68028000000001,75.13538,75.59048,76.045581,76.500681,76.955782,77.410882,77.86598199999999,78.321083,78.77618299999999,78.909446,79.042709,79.175973,79.309236,79.442499,79.575762,79.709025,79.842288,79.97555200000001,80.108815,81.24331,82.37780500000001,83.5123,84.646796,85.78129100000001,86.915786,88.05028100000001,89.184777,90.319272,91.453767,94.848353,98.242938,101.63752,105.03211,108.4267,111.82128,115.21587,118.61045,122.00504,125.39962,129.24133,133.08303,136.92473,140.76643,144.60813000000002,148.44984,152.29154,156.13324,159.97494,163.81663999999998,167.16131000000001,170.50597,173.85064,177.19531,180.53996999999998,183.88464,187.2293,190.57397,193.91863999999998,197.2633,199.79888,202.33446,204.87003,207.40561,209.94118999999998,212.47677000000002,215.01235,217.54792,220.0835,222.61907999999997,221.41947000000002,220.21986,219.02026,217.82065,216.62104,215.42143,214.22182,213.02222000000003,211.82261,210.623,211.5938,212.5632,213.5311,214.4977,215.4628
unspecified,historical,World,Emissions|NOx,Mt N / yr,unspecified,0.0,0.10950162,0.16803826,0.2266252,0.28526401,0.34395628,0.40270367,0.46150789,0.52037068,0.57929387,0.63827932,0.69732895,0.75644476,0.81562878,0.87488313,0.93420999,0.99361159,1.0530902,1.1126483,1.1722883,1.2320128000000001,1.2918242,1.3517253999999999,1.4117191,1.4718082000000001,1.5319956000000001,1.5922843,1.6526776,1.7131785,1.7737906000000003,1.8345171000000002,1.8953616999999998,1.9563278999999998,2.0174196,2.0786406000000004,2.1399949,2.2014867000000002,2.2631202,2.3248998,2.38683,2.4489153999999997,2.511161,2.5735715,2.6361521,2.6989081,2.7618449000000003,2.8249681,2.8882835,2.951797,3.0155147,3.0794429,3.1435882,3.2079572999999995,3.272557,3.3373946000000005,3.4024773,3.4678129,3.533409,3.5992737,3.6654154,3.7318426,3.7985641,3.8655891000000002,3.9329269,4.0005873,4.0685801,4.1369156,4.205604599999999,4.2746578,4.3440866,4.4139026,4.4841177000000005,4.5547443,4.6257950999999995,4.6972833,4.7692224,4.8416262,4.9145093,4.9878862999999996,5.0617727,5.1361840999999995,5.2111367,5.2866474000000006,5.362733400000001,5.4394124,5.5167028,5.5423239,5.567945099999999,5.593566200000001,5.6191873,5.6448084000000005,5.6704295,5.696050700000001,5.7216718,5.747292900000001,5.772914,5.8128366,5.8527592,5.892681700000001,5.9326042999999995,5.9725268,6.0124494,6.052372,6.0922945,6.132217099999999,6.172139700000001,6.217166000000001,6.262192400000001,6.307218799999999,6.3522452000000005,6.3972714999999996,6.442297900000001,6.487324299999999,6.5323507,6.577377,6.6224034,6.6759474,6.7294913,6.7830353,6.8365793,6.890123200000001,6.9436672,6.997211200000001,7.050755099999999,7.1042990999999995,7.1578431,7.2358632,7.3138833,7.391903500000001,7.469923599999999,7.5479437,7.625963799999999,7.703983999999999,7.7820041,7.8600242,7.9380443,8.0441379,8.1502315,8.2563251,8.362418700000001,8.4685123,8.574605900000002,8.6806995,8.786793099999999,8.8928867,8.998980300000001,9.0569588,9.114937300000001,9.1729159,9.2308944,9.288872999999999,9.3468515,9.4048301,9.462808599999999,9.5207871,9.5787657,9.645702900000002,9.7126402,9.7795774,9.8465147,9.9134519,9.9803892,10.047326,10.114264,10.181201,10.248138,10.302469,10.356800999999999,10.411132,10.465463,10.519794000000001,10.574125,10.628457000000001,10.682788,10.737119,10.79145,11.123415,11.45538,11.787344000000001,12.119309,12.451274,12.783238,13.115203,13.447168,13.779132,14.111097000000001,14.528488000000001,14.945879000000001,15.363270000000002,15.780660999999998,16.198052,16.615443,17.032834,17.450225,17.867616,18.285007,18.959141,19.633274,20.307407,20.981541,21.655673999999998,22.329807000000002,23.003941,23.678074,24.352207999999997,25.026341,25.809673,26.593006,27.376338,28.159671000000003,28.943004,29.726336,30.509669,31.293001,32.076334,32.859666,33.357242,33.854818,34.352393,34.849969,35.347545000000004,35.845121,36.342696000000004,36.840272,37.337848,37.835423999999996,37.868111,37.900799,37.933487,37.966174,37.998862,38.03155,38.064237,38.096925,38.129612,38.1623,38.2888,38.4153,38.5418,38.6684,38.7948
unspecified,historical,World,Emissions|OC,Mt OC / yr,unspecified,0.0,0.56591996,0.78146771,0.99736131,1.2136114,1.4302291,1.6472256999999997,1.864613,2.082403,2.3006082,2.5192414,2.7383159,2.9578452,3.1778436,3.3983254,3.6193057,3.8407998999999995,4.062823799999999,4.2853938,4.508526799999999,4.7322403,4.956552200000001,5.1814809,5.4070456,5.633266000000001,5.8601623,6.087755400000001,6.3160669,6.5451189,6.7749345000000005,7.0055372,7.236951299999999,7.469202,7.7023151,7.9363173,8.1712361,8.4070999,8.643937800000002,8.881780000000001,9.1206576,9.360602499999999,9.601647900000001,9.8438276,10.087177,10.331732,10.57753,10.824608999999999,11.073008999999999,11.322772,11.573938,11.826552000000001,12.080658,12.336302,12.593532000000002,12.852397,13.112948000000001,13.375236,13.639316,13.905242999999999,14.173074,14.442867000000001,14.714684,14.988586999999999,15.264641000000001,15.542912,15.823469000000001,16.106382,16.391724,16.679571,16.97,17.26309,17.558925,17.857588,18.159167999999998,18.463755,18.771441,19.082323000000002,19.396499,19.714071,20.035144,20.359827,20.688231,21.020471,21.356666,21.696939,22.041414000000003,22.105064000000002,22.168714,22.232363,22.296013000000002,22.359663,22.423312,22.486962,22.550611,22.614261,22.677910999999998,22.734528,22.791144,22.847761,22.904378,22.960995,23.017612,23.074229000000003,23.130846,23.187463,23.244079,23.283844000000002,23.323608,23.363373,23.403138000000002,23.442902,23.482667000000003,23.522431,23.562196,23.601960000000002,23.641725,23.675442,23.709158,23.742875,23.776592,23.810309,23.844026,23.877742,23.911459,23.945176,23.978893,24.011375,24.043857,24.076339,24.108821,24.141303,24.173785000000002,24.206267,24.238749,24.271232,24.303714000000003,24.336515,24.369316,24.402117,24.434918,24.467719,24.50052,24.533321,24.566122,24.598923000000003,24.631724,24.427454,24.223184,24.018914000000002,23.814645000000002,23.610375,23.406105,23.201836,22.997566,22.793295999999998,22.589026999999998,22.605247,22.621467000000003,22.637688,22.653907999999998,22.670128,22.686349,22.702569,22.718789,22.73501,22.75123,22.748587,22.745943,22.7433,22.740656,22.738013,22.735369,22.732726,22.730082,22.727439,22.724795,22.68764,22.650484,22.613328,22.576173,22.539017,22.501860999999998,22.464705,22.42755,22.390394,22.353238,22.541288,22.729338000000002,22.917388,23.105438,23.293487,23.481537,23.669587,23.857637,24.045686,24.233735999999997,24.502237,24.770737,25.039238,25.307738,25.576239,25.844739,26.11324,26.381740999999998,26.650240999999998,26.918741999999998,27.221794,27.524846000000004,27.827897999999998,28.13095,28.434002000000003,28.737054999999998,29.040107,29.343159000000004,29.646210999999997,29.949263000000002,30.456334000000002,30.963403999999997,31.470475,31.977546000000004,32.484615999999995,32.991687,33.498757,34.005828,34.512898,35.019969,35.072322,35.124675,35.177028,35.229381,35.281735,35.334088,35.386441,35.438794,35.491147,35.5435,35.7143,35.8845,36.0543,36.2232,36.3917
unspecified,historical,World,Emissions|SF6,kt SF6 / yr,unspecified,0.0,0.0,0.0,0.0,0.0,0.0,0.0,0.0,0.0,0.0,0.0,0.0,0.0,0.0,0.0,0.0,0.0,0.0,0.0,0.0,0.0,0.0,0.0,0.0,0.0,0.0,0.0,0.0,0.0,0.0,0.0,0.0,0.0,0.0,0.0,0.0,0.0,0.0,0.0,0.0,0.0,0.0,0.0,0.0,0.0,0.0,0.0,0.0,0.0,0.0,0.0,0.0,0.0,0.0,0.0,0.0,0.0,0.0,0.0,0.0,0.0,0.0,0.0,0.0,0.0,0.0,0.0,0.0,0.0,0.0,0.0,0.0,0.0,0.0,0.0,0.0,0.0,0.0,0.0,0.0,0.0,0.0,0.0,0.0,0.0,0.0,0.0,0.0,0.0,0.0,0.0,0.0,0.0,0.0,0.0,0.0,0.0,0.0,0.0,0.0,0.0,0.0,0.0,0.0,0.0,0.0,0.0,0.0,0.0,0.0,0.0,0.0,0.0,0.0,0.0,0.0,0.0,0.0,0.0,0.0,0.0,0.0,0.0,0.0,0.0,0.0,0.0,0.0,0.0,0.0,0.0,0.0,0.0,0.0,0.0,0.0,0.0,0.0,0.0,0.0,0.0,0.0,0.0,0.0,0.0,0.0,0.0,0.0,0.0,0.0,0.0,0.0,0.0,0.0,0.0,0.0,0.0,0.0,0.0,0.0,0.0,0.0,0.0,0.0,0.0,0.0,0.0,0.0,0.0,0.0,0.0,0.0,0.0,0.0,0.0,0.0,0.0,0.0,0.0,0.0,0.0,0.0,0.0,0.0,0.0,0.26190788,0.26198971,0.26207156,0.26215339,0.26223522,0.26231705,0.26239889,0.26248072,0.26256255,0.26264438,0.52463411,0.52479777,0.78686933,0.52520694,0.52537061,0.52553427,0.52569795,1.0496773000000001,0.52618894,0.7882605,0.78850599,1.0506594,0.78907883,1.0512322,1.0515595,1.0518869,1.5760299999999998,1.8384289,2.3628175,2.8873697999999997,3.1501778,3.4130677000000005,3.6760394,3.939093,3.9403205000000003,4.7272717,4.9906525,4.730299400000001,4.993680400000001,5.519051,5.5207695,5.7843959,5.7861962,6.3118123,5.0042369,6.0534232,6.0553054,4.4857403,4.7490393,6.3219597,5.5382,5.699,5.8596,6.0201,6.1805,6.3407
unspecified,historical,World,Emissions|SOx,Mt S / yr,unspecified,0.0,0.09888264699999999,0.1163065,0.13381075,0.15139789,0.16907049,0.18683119,0.20468271,0.22262786,0.24066954,0.25881073,0.27705451,0.29540406,0.31386264,0.33243362,0.35112049,0.36992683,0.38885633,0.4079128,0.42710016,0.44642248,0.46588391,0.48548877,0.50524148,0.52514663,0.54520892,0.56543322,0.58582453,0.60638803,0.62712904,0.64805304,0.66916569,0.69047284,0.7119805,0.73369486,0.75562233,0.77776949,0.80014313,0.82275026,0.84559811,0.86869411,0.89204595,0.91566153,0.93954901,0.9637168,0.98817358,1.0129283000000002,1.0379901,1.0633685,1.0890733999999997,1.1151148000000002,1.1415031,1.1682491000000002,1.1953638,1.2228586000000001,1.2507453000000002,1.279036,1.3077432,1.3368798000000002,1.366459,1.3964945,1.4270005,1.4579916000000002,1.4894826,1.5214891000000001,1.554027,1.5871128,1.6207633,1.6549962,1.6898292000000001,1.7252811999999997,1.7613710999999999,1.7981186999999998,1.8355443,1.8736689999999998,1.9125143,1.9521025,1.9924567,2.0336004,2.0755581000000003,2.1183549999999998,2.1620171000000004,2.206571,2.2520444,2.2984658,2.3458644,2.401282,2.4566996,2.5121172,2.5675348,2.6229524,2.6783701,2.7337877,2.7892053,2.8446229,2.9000405,2.9926781000000005,3.0853157,3.1779532,3.2705908,3.3632284,3.4558660000000003,3.5485035000000003,3.6411411,3.7337787000000002,3.8264163,3.9931681000000006,4.1599199,4.3266717,4.4934235000000005,4.6601753,4.826927099999999,4.993678900000001,5.1604307,5.327182499999999,5.4939343,5.762321400000001,6.0307085,6.2990955,6.5674826,6.8358696,7.1042567,7.3726438,7.6410308,7.9094179,8.1778049,8.567372800000001,8.956940699999999,9.3465086,9.7360765,10.125644,10.515212,10.90478,11.294348,11.683916,12.073483999999999,12.62988,13.186275,13.742671,14.299067,14.855463,15.411857999999999,15.968254,16.52465,17.081045,17.637441,17.821423,18.005405,18.189388,18.37337,18.557351999999998,18.741334,18.925316,19.109298000000003,19.29328,19.477262,19.863884,20.250505,20.637127,21.023748,21.41037,21.796991000000002,22.183613,22.570234,22.956856,23.343477,23.754956,24.166434,24.577913,24.989392000000002,25.40087,25.812348999999998,26.223828,26.635306,27.046784999999996,27.458263,27.840442,28.222620000000003,28.604799,28.986977000000003,29.369156,29.751334000000003,30.133513,30.515690999999997,30.897869,31.280047999999997,32.866948,34.453849,36.040749,37.62765,39.21455,40.801451,42.388351,43.975252000000005,45.562152000000005,47.149053,48.770759999999996,50.392468,52.014176,53.635884,55.257592,56.8793,58.501008,60.122716000000004,61.744424,63.36613199999999,63.545863,63.725593999999994,63.905326,64.08505699999999,64.264788,64.444519,64.624251,64.80398199999999,64.983713,65.163444,65.043883,64.92432099999999,64.80476,64.685199,64.565637,64.446076,64.326514,64.206953,64.087391,63.967830000000006,62.955167,61.94250400000001,60.929841,59.917178,58.904515,57.891852,56.879189000000004,55.866526,54.853863,53.8412,54.4191,54.9961,55.5716,56.1461,56.7195
